Account,Date,Sentiment,DailyPnL,TradesCount,WinRate,AvgTradeSizeUSD,LongShortRatio,DailyFee,LossDay,Segment,WinnerType,ProfitBucket,SentimentCode
0x083384f897ee0f19899168e3b1bec365f52a9012,2024-06-12,Greed,-175611.00005600002,33,0.0,36736.36242424243,1212299960000000.0,121.229992,1,High Frequency,Consistent Winner,0,1
0x083384f897ee0f19899168e3b1bec365f52a9012,2024-11-11,Greed,0.0,177,0.0,5089.718248587571,0.0,167.796055,0,High Frequency,Consistent Winner,0,1
0x083384f897ee0f19899168e3b1bec365f52a9012,2025-01-03,Greed,9482.221441,45,0.8,2985.797555555556,0.9977059838153435,6.71802,0,High Frequency,Consistent Winner,1,1
0x083384f897ee0f19899168e3b1bec365f52a9012,2025-02-02,Greed,76710.0,10,0.9,185847.0,0.9955867667429039,92.923496,0,High Frequency,Consistent Winner,1,1
0x083384f897ee0f19899168e3b1bec365f52a9012,2025-03-02,Fear,101011.685664,839,0.30512514898688914,23593.019856972587,0.9032615768203304,2355.038296,0,High Frequency,Consistent Winner,1,0
0x083384f897ee0f19899168e3b1bec365f52a9012,2025-03-03,Fear,533974.662903,641,0.8424336973478939,8371.136099843994,4.295466209409714,268.294625,0,High Frequency,Consistent Winner,1,0
0x083384f897ee0f19899168e3b1bec365f52a9012,2025-04-02,Fear,375620.270243,531,0.15630885122410546,10576.687156308852,0.7381648234833519,704.19937,0,High Frequency,Consistent Winner,1,0
0x083384f897ee0f19899168e3b1bec365f52a9012,2025-05-02,Greed,44400.9058,210,0.37142857142857144,26585.06338095238,0.5376490539100948,700.101577,0,High Frequency,Consistent Winner,1,1
0x23e7a7f8d14b550961925fbfdaa92f5d195ba5bd,2024-01-12,Greed,0.0,1,0.0,0.06,0.0,0.0,0,High Frequency,Others,0,1
0x23e7a7f8d14b550961925fbfdaa92f5d195ba5bd,2024-06-12,Greed,0.0,34,0.0,1426.8700000000001,48513580000000.0,1.31668822,0,High Frequency,Others,0,1
0x23e7a7f8d14b550961925fbfdaa92f5d195ba5bd,2024-07-12,Fear,3515.031065,26,0.9615384615384616,2001.101153846154,0.0,5.2028479999999995,0,High Frequency,Others,1,0
0x23e7a7f8d14b550961925fbfdaa92f5d195ba5bd,2024-09-12,Fear,0.0,46,0.0,1131.888695652174,52066879999999.99,1.4383267,0,High Frequency,Others,0,0
0x23e7a7f8d14b550961925fbfdaa92f5d195ba5bd,2024-10-12,Greed,2517.787385,64,0.984375,852.88625,0.0,19.104602,0,High Frequency,Others,1,1
0x23e7a7f8d14b550961925fbfdaa92f5d195ba5bd,2025-01-02,Greed,1162.002541,78,0.32051282051282054,2094.719358974359,0.985875073776848,29.90369878,0,High Frequency,Others,1,1
0x23e7a7f8d14b550961925fbfdaa92f5d195ba5bd,2025-01-05,Greed,1243.853569,250,0.324,815.50576,0.9878709284888194,31.0304917,0,High Frequency,Others,1,1
0x23e7a7f8d14b550961925fbfdaa92f5d195ba5bd,2025-02-02,Greed,6352.452613,517,0.4506769825918762,2792.42166344294,1.1202783381369277,487.25693852,0,High Frequency,Others,1,1
0x23e7a7f8d14b550961925fbfdaa92f5d195ba5bd,2025-03-03,Fear,2480.902379,110,0.45454545454545453,1999.099181818182,0.4736264839404162,53.50649472,0,High Frequency,Others,1,0
0x23e7a7f8d14b550961925fbfdaa92f5d195ba5bd,2025-03-04,Fear,0.0,1,0.0,54768.6,54768599999999.99,0.456405,0,High Frequency,Others,0,0
0x23e7a7f8d14b550961925fbfdaa92f5d195ba5bd,2025-04-03,Fear,-3169.3554679999997,65,0.0,1756.5103076923076,1.0571067759579587,20.67737314,1,High Frequency,Others,0,0
0x271b280974205ca63b716753467d5a371de622ab,2024-05-12,Greed,208.81746,4,0.75,39530.9875,0.9973623904490644,34.129711,0,Low Frequency,Others,1,1
0x28736f43f1e871e6aa8b1148d38d4994275d72c4,2024-01-12,Greed,4458.25495,193,0.5025906735751295,247.12725388601035,0.7283461014557244,16.10546943,0,High Frequency,Others,1,1
0x28736f43f1e871e6aa8b1148d38d4994275d72c4,2024-02-12,Greed,1283.846047,140,0.5214285714285715,140.36935714285713,0.9263115177522904,6.30947724,0,High Frequency,Others,1,1
0x28736f43f1e871e6aa8b1148d38d4994275d72c4,2024-03-12,Greed,1190.358719,78,0.47435897435897434,92.37217948717948,0.34674968317395205,2.982829,0,High Frequency,Others,1,1
0x28736f43f1e871e6aa8b1148d38d4994275d72c4,2024-04-12,Greed,9066.169646,112,0.5357142857142857,165.78285714285715,0.1760151602671176,7.22773423,0,High Frequency,Others,1,1
0x28736f43f1e871e6aa8b1148d38d4994275d72c4,2024-05-12,Greed,14685.787664,98,0.4897959183673469,259.2459183673469,0.20876381240111766,9.32634692,0,High Frequency,Others,1,1
0x28736f43f1e871e6aa8b1148d38d4994275d72c4,2024-06-12,Greed,389.176232,69,0.2318840579710145,129.80536231884057,1.0329274243883484,2.907485,0,High Frequency,Others,1,1
0x28736f43f1e871e6aa8b1148d38d4994275d72c4,2024-07-12,Fear,4008.012049,86,0.4186046511627907,159.67825581395348,0.4104085485218991,3.66824976,0,High Frequency,Others,1,0
0x28736f43f1e871e6aa8b1148d38d4994275d72c4,2024-08-12,Fear,554.009942,102,0.4215686274509804,77.67176470588235,0.5154480626797079,2.81362784,0,High Frequency,Others,1,0
0x28736f43f1e871e6aa8b1148d38d4994275d72c4,2024-09-12,Fear,768.430838,213,0.5915492957746479,88.1318309859155,4.436061681023837,6.79214041,0,High Frequency,Others,1,0
0x28736f43f1e871e6aa8b1148d38d4994275d72c4,2024-10-12,Greed,980.557461,157,0.6751592356687898,119.62222929936306,5.521480509196574,5.81611154,0,High Frequency,Others,1,1
0x28736f43f1e871e6aa8b1148d38d4994275d72c4,2024-11-12,Greed,1582.001112,93,0.34408602150537637,124.41204301075268,0.5510041032775884,4.121023,0,High Frequency,Others,1,1
0x28736f43f1e871e6aa8b1148d38d4994275d72c4,2024-12-12,Greed,5806.86932,147,0.5578231292517006,150.14530612244897,0.24996871023295728,6.99886242,0,High Frequency,Others,1,1
0x28736f43f1e871e6aa8b1148d38d4994275d72c4,2025-01-01,Greed,109.82694000000001,59,0.3559322033898305,263.3476271186441,3.0326374145449884,4.20683628,0,High Frequency,Others,1,1
0x28736f43f1e871e6aa8b1148d38d4994275d72c4,2025-01-02,Greed,3.536668000000001,51,0.4117647058823529,1057.5154901960784,1.7482533375252682,18.86497698,0,High Frequency,Others,1,1
0x28736f43f1e871e6aa8b1148d38d4994275d72c4,2025-01-03,Greed,557.9358,37,0.3783783783783784,840.2127027027027,1.8719860095411274,10.630594,0,High Frequency,Others,1,1
0x28736f43f1e871e6aa8b1148d38d4994275d72c4,2025-01-04,Greed,768.351892,41,0.6585365853658537,422.4107317073171,0.20351042753192236,5.24749082,0,High Frequency,Others,1,1
0x28736f43f1e871e6aa8b1148d38d4994275d72c4,2025-01-05,Greed,16.923621,2,1.0,135.32,0.0,0.094722,0,High Frequency,Others,1,1
0x28736f43f1e871e6aa8b1148d38d4994275d72c4,2025-02-01,Greed,416.546688,101,0.45544554455445546,217.69336633663366,0.09768795390585079,7.715886,0,High Frequency,Others,1,1
0x28736f43f1e871e6aa8b1148d38d4994275d72c4,2025-02-02,Greed,-1416.906536,91,0.054945054945054944,1328.6620879120878,8.85396507419237,35.3271459,1,High Frequency,Others,0,1
0x28736f43f1e871e6aa8b1148d38d4994275d72c4,2025-02-03,Fear,8330.21747,73,0.7671232876712328,1432.3072602739728,0.09755645163152601,32.77112491,0,High Frequency,Others,1,0
0x28736f43f1e871e6aa8b1148d38d4994275d72c4,2025-02-04,Greed,669.381363,70,0.6,414.13428571428574,0.4037009275560861,9.363195900000001,0,High Frequency,Others,1,1
0x28736f43f1e871e6aa8b1148d38d4994275d72c4,2025-03-01,Fear,250.581483,69,0.5217391304347826,217.15115942028987,0.9341968530668416,5.21759794,0,High Frequency,Others,1,0
0x28736f43f1e871e6aa8b1148d38d4994275d72c4,2025-03-02,Fear,439.634046,75,0.6,1251.5914666666667,0.2797943807549859,19.67962575,0,High Frequency,Others,1,0
0x28736f43f1e871e6aa8b1148d38d4994275d72c4,2025-03-03,Fear,494.669357,58,0.3620689655172414,536.928448275862,2.6228008845899784,9.075943,0,High Frequency,Others,1,0
0x28736f43f1e871e6aa8b1148d38d4994275d72c4,2025-03-04,Fear,149.51234499999998,85,0.11764705882352941,453.3190588235294,1.7937029499385686,12.648717,0,High Frequency,Others,1,0
0x28736f43f1e871e6aa8b1148d38d4994275d72c4,2025-04-01,Fear,232.66549799999999,81,0.49382716049382713,156.68296296296296,0.43657648153467493,4.45112,0,High Frequency,Others,1,0
0x28736f43f1e871e6aa8b1148d38d4994275d72c4,2025-04-02,Fear,1291.500575,48,0.3541666666666667,1139.6597916666667,0.5153220078691594,11.67501298,0,High Frequency,Others,1,0
0x28736f43f1e871e6aa8b1148d38d4994275d72c4,2025-04-03,Fear,163.73415,43,0.3023255813953488,1091.9493023255814,42.869774829447,12.403976,0,High Frequency,Others,1,0
0x28736f43f1e871e6aa8b1148d38d4994275d72c4,2025-04-04,Fear,498.73528200000004,100,0.56,280.5443,0.9451013372972736,9.75008299,0,High Frequency,Others,1,0
0x28736f43f1e871e6aa8b1148d38d4994275d72c4,2025-05-01,Greed,87.752181,82,0.5365853658536586,101.1840243902439,1.0615936987524073,2.903942,0,High Frequency,Others,1,1
0x28736f43f1e871e6aa8b1148d38d4994275d72c4,2025-05-02,Greed,696.8107239999999,83,0.4457831325301205,912.4063855421687,1.2839458811770499,22.582462,0,High Frequency,Others,1,1
0x2c229d22b100a7beb69122eed721cee9b24011dd,2024-01-11,Greed,-0.09906000000000104,14,0.2857142857142857,2139.280714285714,1.0000086811931297,9.793994,1,Low Frequency,Others,0,1
0x2c229d22b100a7beb69122eed721cee9b24011dd,2024-02-12,Greed,16196.864846,53,0.5660377358490566,2348.7403773584906,0.7697776533000736,42.163079,0,Low Frequency,Others,1,1
0x2c229d22b100a7beb69122eed721cee9b24011dd,2024-03-12,Greed,121.535562,59,0.23728813559322035,1685.5867796610169,0.9990926155306875,34.807342,0,Low Frequency,Others,1,1
0x2c229d22b100a7beb69122eed721cee9b24011dd,2024-04-12,Greed,7591.307059,37,0.6756756756756757,3426.9959459459456,0.8859564578084675,36.568131,0,Low Frequency,Others,1,1
0x2c229d22b100a7beb69122eed721cee9b24011dd,2024-05-12,Greed,2069.92634,33,0.9090909090909091,890.1048484848485,0.868341042433069,7.532439,0,Low Frequency,Others,1,1
0x2c229d22b100a7beb69122eed721cee9b24011dd,2024-06-11,Greed,-3.41119,3,0.0,666.84,1.0034249661999866,0.70018,1,Low Frequency,Others,0,1
0x2c229d22b100a7beb69122eed721cee9b24011dd,2024-06-12,Greed,-123.870122,9,0.0,2324.0444444444447,1.0119177588071648,7.0556339999999995,1,Low Frequency,Others,0,1
0x2c229d22b100a7beb69122eed721cee9b24011dd,2024-08-11,Fear,-710.786946,15,0.0,2003.9206666666666,1.0484387021679114,9.653699999999999,1,Low Frequency,Others,0,0
0x2c229d22b100a7beb69122eed721cee9b24011dd,2024-10-12,Greed,130.883691,12,0.5833333333333334,1585.4033333333334,0.9863932225049556,6.658685,0,Low Frequency,Others,1,1
0x2c229d22b100a7beb69122eed721cee9b24011dd,2024-11-12,Greed,8544.6855,19,0.5263157894736842,6550.684736842106,0.871521769334718,30.194784,0,Low Frequency,Others,1,1
0x2c229d22b100a7beb69122eed721cee9b24011dd,2024-12-12,Greed,7639.595794,62,0.6290322580645161,5565.801451612903,0.9566827540668996,120.777867,0,Low Frequency,Others,1,1
0x2c229d22b100a7beb69122eed721cee9b24011dd,2025-01-02,Greed,88.50699399999999,21,0.5714285714285714,5610.000952380952,0.9984987088896282,36.52381,0,Low Frequency,Others,1,1
0x2c229d22b100a7beb69122eed721cee9b24011dd,2025-01-04,Greed,1334.414834,9,0.4444444444444444,1193.0444444444445,0.7789227787072717,3.455933,0,Low Frequency,Others,1,1
0x2c229d22b100a7beb69122eed721cee9b24011dd,2025-02-04,Greed,1.1031579999999999,6,0.3333333333333333,395.24,0.9990727237467028,0.830004,0,Low Frequency,Others,1,1
0x2c229d22b100a7beb69122eed721cee9b24011dd,2025-03-04,Fear,160.127816,26,0.7307692307692307,739.3319230769231,0.9835302833933557,6.237669,0,Low Frequency,Others,1,0
0x3998f134d6aaa2b6a5f723806d00fd2bbbbce891,2023-01-05,Fear,0.0,3,0.0,159.0,477000000000.0,0.0,0,Low Frequency,Others,0,0
0x3998f134d6aaa2b6a5f723806d00fd2bbbbce891,2024-01-08,Greed,0.0,1,0.0,0.74,0.0,0.0,0,Low Frequency,Others,0,1
0x3998f134d6aaa2b6a5f723806d00fd2bbbbce891,2024-01-12,Greed,13.566929,3,0.6666666666666666,11.366666666666667,1.2523117568525555,0.00577068,0,Low Frequency,Others,1,1
0x3998f134d6aaa2b6a5f723806d00fd2bbbbce891,2024-02-12,Greed,0.0,1,0.0,0.0,0.0,0.0,0,Low Frequency,Others,0,1
0x3998f134d6aaa2b6a5f723806d00fd2bbbbce891,2024-03-08,Greed,0.0,1,0.0,0.65,0.0,0.0,0,Low Frequency,Others,0,1
0x3998f134d6aaa2b6a5f723806d00fd2bbbbce891,2024-04-08,Greed,0.0,1,0.0,0.01,0.0,0.0,0,Low Frequency,Others,0,1
0x3998f134d6aaa2b6a5f723806d00fd2bbbbce891,2024-05-09,Greed,0.0,1,0.0,0.84,0.0,0.0,0,Low Frequency,Others,0,1
0x3998f134d6aaa2b6a5f723806d00fd2bbbbce891,2024-06-08,Greed,215.754798,27,0.2962962962962963,28.555555555555557,0.9553639360868491,0.889599,0,Low Frequency,Others,1,1
0x3998f134d6aaa2b6a5f723806d00fd2bbbbce891,2024-07-08,Fear,0.0,11,0.0,0.0036363636363636364,0.0,0.0,0,Low Frequency,Others,0,0
0x3998f134d6aaa2b6a5f723806d00fd2bbbbce891,2024-11-01,Greed,0.0,2,0.0,23066.935,46133870000000.0,11.072125999999999,0,Low Frequency,Others,0,1
0x39cef799f8b69da1995852eea189df24eb5cae3c,2024-01-12,Greed,0.0,1,0.0,199.81,0.0,0.069934,0,Low Frequency,Others,0,1
0x39cef799f8b69da1995852eea189df24eb5cae3c,2024-03-12,Greed,0.0,1,0.0,209.94,0.0,0.073479,0,Low Frequency,Others,0,1
0x39cef799f8b69da1995852eea189df24eb5cae3c,2024-05-12,Greed,0.0,6,0.0,10238.081666666667,61428489999999.99,19.757147359999998,0,Low Frequency,Others,0,1
0x39cef799f8b69da1995852eea189df24eb5cae3c,2024-06-12,Greed,0.0,20,0.0,1657.5529999999999,5.767290230916287,8.60627,0,Low Frequency,Others,0,1
0x39cef799f8b69da1995852eea189df24eb5cae3c,2024-09-12,Fear,483.662076,8,1.0,603.1,4824800000000.0,0.48248,0,Low Frequency,Others,1,0
0x39cef799f8b69da1995852eea189df24eb5cae3c,2024-10-12,Greed,0.0,3,0.0,22522.036666666667,67566110000000.0,22.963763999999998,0,Low Frequency,Others,0,1
0x39cef799f8b69da1995852eea189df24eb5cae3c,2024-11-12,Greed,3721.345649,4,1.0,40012.55,0.0,56.017569,0,Low Frequency,Others,1,1
0x39cef799f8b69da1995852eea189df24eb5cae3c,2024-12-11,Greed,0.0,2,0.0,5195.3,10390600000000.0,3.6367089999999997,0,Low Frequency,Others,0,1
0x39cef799f8b69da1995852eea189df24eb5cae3c,2025-01-01,Greed,-9655.676981,12,0.4166666666666667,15270.597499999998,0.9342714386821107,9.853497840000001,1,Low Frequency,Others,0,1
0x39cef799f8b69da1995852eea189df24eb5cae3c,2025-03-01,Fear,0.0,1,0.0,6217.48,6217479999999.999,0.02667297,0,Low Frequency,Others,0,0
0x39cef799f8b69da1995852eea189df24eb5cae3c,2025-03-04,Fear,0.0,142,0.0,4742.898943661972,0.0,67.34912,0,Low Frequency,Others,0,0
0x39cef799f8b69da1995852eea189df24eb5cae3c,2025-04-03,Fear,863.956464,63,0.47619047619047616,3213.5458730158734,2.71916315178409,18.52469533,0,Low Frequency,Others,1,0
0x39cef799f8b69da1995852eea189df24eb5cae3c,2025-04-04,Fear,266.39774,34,1.0,19800.740588235294,673225180000000.0,67.322498,0,Low Frequency,Others,1,0
0x3f9a0aadc7f04a7c9d75dc1b5a6ddd6e36486cf6,2024-02-12,Greed,0.0,1,0.0,46692.72,46692720000000.0,0.583659,0,Low Frequency,Others,0,1
0x3f9a0aadc7f04a7c9d75dc1b5a6ddd6e36486cf6,2024-03-10,Greed,100.375782,5,0.6,2585.338,0.9845905369283653,4.5243400000000005,0,Low Frequency,Others,1,1
0x3f9a0aadc7f04a7c9d75dc1b5a6ddd6e36486cf6,2024-03-11,Greed,0.0,2,0.0,9530.66,19061320000000.0,1.90613,0,Low Frequency,Others,0,1
0x3f9a0aadc7f04a7c9d75dc1b5a6ddd6e36486cf6,2024-04-11,Greed,540.05911,10,1.0,1960.1330000000003,0.0,6.860463,0,Low Frequency,Others,1,1
0x3f9a0aadc7f04a7c9d75dc1b5a6ddd6e36486cf6,2024-07-11,Fear,503.46257599999996,16,0.6875,1929.28125,0.9679063315218854,3.086842,0,Low Frequency,Others,1,0
0x3f9a0aadc7f04a7c9d75dc1b5a6ddd6e36486cf6,2024-10-11,Fear,0.0,1,0.0,9836.88,9836879999999.998,0.983688,0,Low Frequency,Others,0,0
0x3f9a0aadc7f04a7c9d75dc1b5a6ddd6e36486cf6,2024-11-11,Greed,393.07947,4,1.0,2557.49,0.0,3.580485,0,Low Frequency,Others,1,1
0x3f9a0aadc7f04a7c9d75dc1b5a6ddd6e36486cf6,2024-12-11,Greed,0.0,4,0.0,1319.1399999999999,5276559999999.999,0.527654,0,Low Frequency,Others,0,1
0x3f9a0aadc7f04a7c9d75dc1b5a6ddd6e36486cf6,2025-04-04,Fear,0.0,1,0.0,63727.4,63727400000000.0,7.678e-05,0,Low Frequency,Others,0,0
0x420ab45e0bd8863569a5efbb9c05d91f40624641,2024-06-12,Greed,0.0,45,0.0,10673.925777777777,0.0,76.264613,0,Low Frequency,Others,0,1
0x420ab45e0bd8863569a5efbb9c05d91f40624641,2024-12-12,Greed,1762.46,10,1.0,6750.81,67508100000000.0,17.102716,0,Low Frequency,Others,1,1
0x430f09841d65beb3f27765503d0f850b8bce7713,2024-05-10,Greed,0.0,1,0.0,0.61,0.0,0.0,0,Low Frequency,Others,0,1
0x430f09841d65beb3f27765503d0f850b8bce7713,2024-09-08,Fear,0.0,1,0.0,0.12,0.0,0.0,0,Low Frequency,Others,0,0
0x430f09841d65beb3f27765503d0f850b8bce7713,2024-10-08,Greed,0.0,1,0.0,0.68,0.0,0.0,0,Low Frequency,Others,0,1
0x430f09841d65beb3f27765503d0f850b8bce7713,2024-11-09,Greed,0.0,1,0.0,0.54,0.0,0.0,0,Low Frequency,Others,0,1
0x430f09841d65beb3f27765503d0f850b8bce7713,2024-11-10,Greed,0.0,1,0.0,0.73,0.0,0.0,0,Low Frequency,Others,0,1
0x430f09841d65beb3f27765503d0f850b8bce7713,2024-12-08,Greed,0.0,1,0.0,0.61,0.0,0.0,0,Low Frequency,Others,0,1
0x47add9a56df66b524d5e2c1993a43cde53b6ed85,2024-01-12,Greed,197.422418,4,0.5,358.71500000000003,0.9925566927261216,0.26578693999999997,0,High Frequency,Others,1,1
0x47add9a56df66b524d5e2c1993a43cde53b6ed85,2024-03-12,Greed,30.727222,42,0.023809523809523808,330.0188095238095,1.1890826908071366,2.2336630299999998,0,High Frequency,Others,1,1
0x47add9a56df66b524d5e2c1993a43cde53b6ed85,2024-04-12,Greed,910.584797,102,0.13725490196078433,795.8152941176471,0.982009513861294,21.44827514,0,High Frequency,Others,1,1
0x47add9a56df66b524d5e2c1993a43cde53b6ed85,2024-05-12,Greed,3174.023699,290,0.36551724137931035,587.6594137931035,0.9677662538721026,48.58217003,0,High Frequency,Others,1,1
0x47add9a56df66b524d5e2c1993a43cde53b6ed85,2024-06-12,Greed,514.886454,108,0.2962962962962963,1009.2267592592593,2.193332634097858,22.34087872,0,High Frequency,Others,1,1
0x47add9a56df66b524d5e2c1993a43cde53b6ed85,2024-07-12,Fear,1040.616939,180,0.35,580.1653888888889,0.9153592044647995,30.76567825,0,High Frequency,Others,1,0
0x47add9a56df66b524d5e2c1993a43cde53b6ed85,2024-08-12,Fear,227.072158,69,0.36231884057971014,423.3769565217391,1.0753153145472303,8.07278965,0,High Frequency,Others,1,0
0x47add9a56df66b524d5e2c1993a43cde53b6ed85,2024-09-12,Fear,311.290605,55,0.34545454545454546,399.53854545454544,1.631413695322932,5.26450568,0,High Frequency,Others,1,0
0x47add9a56df66b524d5e2c1993a43cde53b6ed85,2024-10-12,Greed,1474.670598,182,0.36813186813186816,512.06510989011,1.4237114552252315,22.51617703,0,High Frequency,Others,1,1
0x47add9a56df66b524d5e2c1993a43cde53b6ed85,2024-11-12,Greed,1157.689489,325,0.3353846153846154,307.6034769230769,0.8682504911179987,26.5157439,0,High Frequency,Others,1,1
0x47add9a56df66b524d5e2c1993a43cde53b6ed85,2024-12-12,Greed,574.398074,159,0.2893081761006289,458.38842767295597,1.1290534789006983,22.0703145,0,High Frequency,Others,1,1
0x47add9a56df66b524d5e2c1993a43cde53b6ed85,2025-01-01,Greed,17.784696,16,0.1875,632.90125,0.8660398880347198,2.4354733299999998,0,High Frequency,Others,1,1
0x47add9a56df66b524d5e2c1993a43cde53b6ed85,2025-01-02,Greed,526.448209,33,0.696969696969697,490.5812121212121,2.361868787028144,4.45882435,0,High Frequency,Others,1,1
0x47add9a56df66b524d5e2c1993a43cde53b6ed85,2025-01-03,Greed,109.593094,27,0.4444444444444444,617.1918518518519,0.11457662397423374,4.519368,0,High Frequency,Others,1,1
0x47add9a56df66b524d5e2c1993a43cde53b6ed85,2025-01-04,Greed,-680.287463,19,0.3157894736842105,247.43947368421055,0.6545543488204463,1.579629,1,High Frequency,Others,0,1
0x47add9a56df66b524d5e2c1993a43cde53b6ed85,2025-01-05,Greed,37.385304,7,0.14285714285714285,299.0128571428572,0.0,0.703274,0,High Frequency,Others,1,1
0x47add9a56df66b524d5e2c1993a43cde53b6ed85,2025-02-01,Greed,677.276764,90,0.4777777777777778,548.5241111111111,0.6059163698028579,12.32442837,0,High Frequency,Others,1,1
0x47add9a56df66b524d5e2c1993a43cde53b6ed85,2025-02-02,Greed,-782.6517170000001,108,0.25,475.55675925925925,3.7864579741476208,9.80744787,1,High Frequency,Others,0,1
0x47add9a56df66b524d5e2c1993a43cde53b6ed85,2025-02-03,Fear,349.12092600000005,21,0.38095238095238093,1106.6938095238095,0.054368512719026554,4.79176368,0,High Frequency,Others,1,0
0x47add9a56df66b524d5e2c1993a43cde53b6ed85,2025-02-04,Greed,93.006465,4,0.75,405.9275,3.2613704957529293,0.36569,0,High Frequency,Others,1,1
0x47add9a56df66b524d5e2c1993a43cde53b6ed85,2025-03-01,Fear,846.655814,102,0.23529411764705882,321.5754901960784,1.3077648297109017,8.26689217,0,High Frequency,Others,1,0
0x47add9a56df66b524d5e2c1993a43cde53b6ed85,2025-03-02,Fear,2440.916534,182,0.4010989010989011,633.5157142857142,0.7418412840754611,31.19285849,0,High Frequency,Others,1,0
0x47add9a56df66b524d5e2c1993a43cde53b6ed85,2025-03-03,Fear,376.017126,33,0.36363636363636365,591.2160606060606,0.5481846445864249,5.595643,0,High Frequency,Others,1,0
0x47add9a56df66b524d5e2c1993a43cde53b6ed85,2025-03-04,Fear,7.052034,14,0.14285714285714285,635.2357142857143,8.942202347670271,1.78190857,0,High Frequency,Others,1,0
0x47add9a56df66b524d5e2c1993a43cde53b6ed85,2025-04-01,Fear,73.451675,57,0.2631578947368421,628.7080701754386,0.3657191028021287,11.11830504,0,High Frequency,Others,1,0
0x47add9a56df66b524d5e2c1993a43cde53b6ed85,2025-04-02,Fear,874.3810560000001,34,0.47058823529411764,389.9655882352941,0.47029215486664516,3.60856375,0,High Frequency,Others,1,0
0x47add9a56df66b524d5e2c1993a43cde53b6ed85,2025-04-03,Fear,444.266681,32,0.21875,502.8234375,55.99532428870393,3.82318985,0,High Frequency,Others,1,0
0x47add9a56df66b524d5e2c1993a43cde53b6ed85,2025-04-04,Fear,0.0,2,0.0,874.78,1749559999999.9998,0.43421763,0,High Frequency,Others,0,0
0x47add9a56df66b524d5e2c1993a43cde53b6ed85,2025-05-01,Greed,8.594753,38,0.10526315789473684,439.9673684210526,0.015279511026497281,3.637846,0,High Frequency,Others,1,1
0x47add9a56df66b524d5e2c1993a43cde53b6ed85,2025-05-02,Greed,32.72269,3,0.3333333333333333,431.90000000000003,4.272002278535737,0.435353,0,High Frequency,Others,1,1
0x4acb90e786d897ecffb614dc822eb231b4ffb9f4,2025-02-04,Greed,444.205198,16,0.625,37473.885625,0.9985191652554479,184.853869,0,High Frequency,Others,1,1
0x4acb90e786d897ecffb614dc822eb231b4ffb9f4,2025-03-03,Fear,0.0,19,0.0,10522.962631578948,199936290000000.0,69.977691,0,High Frequency,Others,0,0
0x4acb90e786d897ecffb614dc822eb231b4ffb9f4,2025-03-04,Fear,0.0,60,0.0,16666.611,999996660000000.0,74.999717,0,High Frequency,Others,0,0
0x4acb90e786d897ecffb614dc822eb231b4ffb9f4,2025-04-03,Fear,0.0,155,0.0,5549.306774193548,860142549999999.9,126.050573,0,High Frequency,Others,0,0
0x4acb90e786d897ecffb614dc822eb231b4ffb9f4,2025-04-04,Fear,0.0,51,0.0,8264.040980392158,421466090000000.0,126.439802,0,High Frequency,Others,0,0
0x4f93fead39b70a1824f981a54d4e55b278e9f760,2024-01-04,Greed,0.840939,29,0.06896551724137931,4654.808275862069,14.000160014221928,47.246296,0,Low Frequency,Others,1,1
0x4f93fead39b70a1824f981a54d4e55b278e9f760,2024-01-05,Greed,0.0,14,0.0,6216.103571428571,87025449999999.98,30.458908,0,Low Frequency,Others,0,1
0x4f93fead39b70a1824f981a54d4e55b278e9f760,2024-01-07,Greed,1202.488212,13,0.6923076923076923,7476.965384615385,0.22725162467877655,34.02019,0,Low Frequency,Others,1,1
0x4f93fead39b70a1824f981a54d4e55b278e9f760,2024-01-08,Greed,0.0,13,0.0,11076.539230769231,143995010000000.0,50.398244999999996,0,Low Frequency,Others,0,1
0x4f93fead39b70a1824f981a54d4e55b278e9f760,2024-01-10,Greed,0.0,4,0.0,34988.58,139954320000000.0,48.98401,0,Low Frequency,Others,0,1
0x4f93fead39b70a1824f981a54d4e55b278e9f760,2024-01-11,Greed,1040.5747959999999,9,0.2222222222222222,25670.122222222224,1.286488080687306,80.860881,0,Low Frequency,Others,1,1
0x4f93fead39b70a1824f981a54d4e55b278e9f760,2024-01-12,Greed,337.835516,27,0.5925925925925926,22229.845925925925,0.6660197972410885,180.061741,0,Low Frequency,Others,1,1
0x4f93fead39b70a1824f981a54d4e55b278e9f760,2024-02-04,Greed,883.760812,37,0.32432432432432434,6072.016756756757,0.13314634567061792,78.632589,0,Low Frequency,Others,1,1
0x4f93fead39b70a1824f981a54d4e55b278e9f760,2024-02-08,Greed,0.0,36,0.0,8221.31,7399177.815020555,103.58846199999999,0,Low Frequency,Others,0,1
0x4f93fead39b70a1824f981a54d4e55b278e9f760,2024-02-09,Greed,0.0,2,0.0,15000.21,30000419999999.996,10.500148,0,Low Frequency,Others,0,1
0x4f93fead39b70a1824f981a54d4e55b278e9f760,2024-02-10,Greed,0.0,4,0.0,24988.585,99954339999999.98,34.984016999999994,0,Low Frequency,Others,0,1
0x4f93fead39b70a1824f981a54d4e55b278e9f760,2024-02-11,Greed,0.0,2,0.0,20000.0,40000000000000.0,13.999997,0,Low Frequency,Others,0,1
0x4f93fead39b70a1824f981a54d4e55b278e9f760,2024-02-12,Greed,754.7378,17,0.35294117647058826,17691.249411764704,1.136720565561129,90.225362,0,Low Frequency,Others,1,1
0x4f93fead39b70a1824f981a54d4e55b278e9f760,2024-03-05,Greed,5319.861625,23,0.6956521739130435,12059.708260869564,0.0,97.080639,0,Low Frequency,Others,1,1
0x4f93fead39b70a1824f981a54d4e55b278e9f760,2024-03-07,Greed,1118.387284,10,0.4,10388.008,103880080000000.0,36.358022,0,Low Frequency,Others,1,1
0x4f93fead39b70a1824f981a54d4e55b278e9f760,2024-03-08,Greed,0.0,13,0.0,8652.23,112478989999999.98,39.367641,0,Low Frequency,Others,0,1
0x4f93fead39b70a1824f981a54d4e55b278e9f760,2024-03-10,Greed,0.0,4,0.0,30002.25,120009000000000.0,42.003151,0,Low Frequency,Others,0,1
0x4f93fead39b70a1824f981a54d4e55b278e9f760,2024-03-11,Greed,0.0,4,0.0,27498.585,109994339999999.98,38.498022,0,Low Frequency,Others,0,1
0x4f93fead39b70a1824f981a54d4e55b278e9f760,2024-03-12,Greed,1467.1002210000001,9,0.4444444444444444,31374.63555555556,0.9960480793217268,84.711504,0,Low Frequency,Others,1,1
0x4f93fead39b70a1824f981a54d4e55b278e9f760,2024-04-04,Greed,0.0,32,0.0,2999.6165625,0.0,33.595684999999996,0,Low Frequency,Others,0,1
0x4f93fead39b70a1824f981a54d4e55b278e9f760,2024-04-05,Greed,0.0,6,0.0,8999.890000000001,0.0,18.899767,0,Low Frequency,Others,0,1
0x4f93fead39b70a1824f981a54d4e55b278e9f760,2024-04-07,Greed,0.0,14,0.0,18215.87285714286,255022220000000.0,89.257767,0,Low Frequency,Others,0,1
0x4f93fead39b70a1824f981a54d4e55b278e9f760,2024-04-08,Greed,-108604.496278,72,0.0,12521.542916666665,0.2454202352645777,315.542853,1,Low Frequency,Others,0,1
0x4f93fead39b70a1824f981a54d4e55b278e9f760,2024-04-09,Greed,0.0,1,0.0,35004.98,35004980000000.0,12.251742,0,Low Frequency,Others,0,1
0x4f93fead39b70a1824f981a54d4e55b278e9f760,2024-04-11,Greed,2259.351364,26,0.5,16623.486153846156,0.5875977944614675,151.273717,0,Low Frequency,Others,1,1
0x4f93fead39b70a1824f981a54d4e55b278e9f760,2024-04-12,Greed,291.35271,13,0.23076923076923078,20080.955384615383,5.3478054498947385,78.315715,0,Low Frequency,Others,1,1
0x4f93fead39b70a1824f981a54d4e55b278e9f760,2024-05-04,Greed,4444.4983010000005,10,0.7,17253.157,172531569999999.97,60.38604000000001,0,Low Frequency,Others,1,1
0x4f93fead39b70a1824f981a54d4e55b278e9f760,2024-05-05,Greed,0.0,4,0.0,5996.512500000001,0.0,8.395113,0,Low Frequency,Others,0,1
0x4f93fead39b70a1824f981a54d4e55b278e9f760,2024-05-07,Greed,0.0,20,0.0,13514.937,270298739999999.97,94.604547,0,Low Frequency,Others,0,1
0x4f93fead39b70a1824f981a54d4e55b278e9f760,2024-05-08,Greed,-4779.219012,17,0.0,12572.832941176472,0.8941657879909093,74.808346,1,Low Frequency,Others,0,1
0x4f93fead39b70a1824f981a54d4e55b278e9f760,2024-05-10,Greed,5767.161892,36,0.6666666666666666,16822.36472222222,0.1976895901246659,211.961771,0,Low Frequency,Others,1,1
0x4f93fead39b70a1824f981a54d4e55b278e9f760,2024-05-11,Greed,678.4759280000001,10,0.5,20062.723,0.3318611162282754,70.219524,0,Low Frequency,Others,1,1
0x4f93fead39b70a1824f981a54d4e55b278e9f760,2024-05-12,Greed,1435.68724,19,0.10526315789473684,40074.16368421053,0.0,228.422723,0,Low Frequency,Others,1,1
0x4f93fead39b70a1824f981a54d4e55b278e9f760,2024-06-04,Greed,236.33513399999998,16,0.25,4263.979375,0.0,23.878277,0,Low Frequency,Others,1,1
0x4f93fead39b70a1824f981a54d4e55b278e9f760,2024-06-05,Greed,968.59038,9,0.4444444444444444,22890.714444444442,6.630370973124101,72.105746,0,Low Frequency,Others,1,1
0x4f93fead39b70a1824f981a54d4e55b278e9f760,2024-06-09,Greed,0.0,4,0.0,8747.6675,34990669999999.996,12.246734,0,Low Frequency,Others,0,1
0x4f93fead39b70a1824f981a54d4e55b278e9f760,2024-06-10,Greed,130.487079,22,0.22727272727272727,13642.298181818182,0.1537737283755761,105.045693,0,Low Frequency,Others,1,1
0x4f93fead39b70a1824f981a54d4e55b278e9f760,2024-06-11,Greed,2821.24842,12,0.5833333333333334,10158.865,0.9547622105712154,42.66723,0,Low Frequency,Others,1,1
0x4f93fead39b70a1824f981a54d4e55b278e9f760,2024-06-12,Greed,7206.315268,59,0.3559322033898305,25128.245762711864,1.622561019304559,444.769922,0,Low Frequency,Others,1,1
0x4f93fead39b70a1824f981a54d4e55b278e9f760,2024-07-04,Fear,0.0,23,0.0,2173.397391304348,0.0,17.495845,0,Low Frequency,Others,0,0
0x4f93fead39b70a1824f981a54d4e55b278e9f760,2024-07-05,Fear,656.21704,10,0.7,9890.126,0.5629693194137508,34.615441,0,Low Frequency,Others,1,0
0x4f93fead39b70a1824f981a54d4e55b278e9f760,2024-07-06,Fear,7329.223137999999,52,0.5769230769230769,15114.859615384614,3.038509709382123,275.090432,0,Low Frequency,Others,1,0
0x4f93fead39b70a1824f981a54d4e55b278e9f760,2024-07-10,Fear,0.0,21,0.0,10475.459523809524,0.0,76.994616,0,Low Frequency,Others,0,0
0x4f93fead39b70a1824f981a54d4e55b278e9f760,2024-07-11,Fear,628.96246,2,0.5,30314.425,0.9794648258785252,21.220097000000003,0,Low Frequency,Others,1,0
0x4f93fead39b70a1824f981a54d4e55b278e9f760,2024-07-12,Fear,2342.996384,4,1.0,49620.3625,198481450000000.0,59.54443,0,Low Frequency,Others,1,0
0x4f93fead39b70a1824f981a54d4e55b278e9f760,2024-08-04,Fear,0.0,28,0.0,5827.370357142857,0.0,57.10822,0,Low Frequency,Others,0,0
0x4f93fead39b70a1824f981a54d4e55b278e9f760,2024-08-05,Fear,0.0,10,0.0,6583.419,65834190000000.0,23.04196,0,Low Frequency,Others,0,0
0x4f93fead39b70a1824f981a54d4e55b278e9f760,2024-08-06,Fear,0.0,7,0.0,6428.95,45002650000000.0,15.750927,0,Low Frequency,Others,0,0
0x4f93fead39b70a1824f981a54d4e55b278e9f760,2024-08-10,Fear,5396.546638,35,0.9428571428571428,12416.672857142858,21729175.41354123,152.10422,0,Low Frequency,Others,1,0
0x4f93fead39b70a1824f981a54d4e55b278e9f760,2024-08-11,Fear,646.3734049999999,24,0.25,10026.734583333333,0.9946426667953013,84.224557,0,Low Frequency,Others,1,0
0x4f93fead39b70a1824f981a54d4e55b278e9f760,2024-08-12,Fear,0.0,7,0.0,8570.51857142857,0.0,17.998084,0,Low Frequency,Others,0,0
0x4f93fead39b70a1824f981a54d4e55b278e9f760,2024-09-04,Fear,0.0,3,0.0,19021.280000000002,0.0,19.972341,0,Low Frequency,Others,0,0
0x4f93fead39b70a1824f981a54d4e55b278e9f760,2024-09-05,Fear,1147.595856,25,0.44,8679.6232,0.3072591880363102,75.946694,0,Low Frequency,Others,1,0
0x4f93fead39b70a1824f981a54d4e55b278e9f760,2024-09-06,Fear,0.0,5,0.0,4199.992,20999959999999.996,7.349985,0,Low Frequency,Others,0,0
0x4f93fead39b70a1824f981a54d4e55b278e9f760,2024-09-08,Fear,11147.900554,12,0.75,11003.166666666666,0.17843239699314742,46.213288,0,Low Frequency,Others,1,0
0x4f93fead39b70a1824f981a54d4e55b278e9f760,2024-09-10,Fear,396.06272,14,0.21428571428571427,15742.852142857142,2.649207257487374,77.139967,0,Low Frequency,Others,1,0
0x4f93fead39b70a1824f981a54d4e55b278e9f760,2024-09-11,Fear,0.0,9,0.0,16666.712222222224,150000410000000.0,52.500144,0,Low Frequency,Others,0,0
0x4f93fead39b70a1824f981a54d4e55b278e9f760,2024-09-12,Fear,2350.499742,17,0.4117647058823529,21156.991764705883,1.5506145087854788,107.900648,0,Low Frequency,Others,1,0
0x4f93fead39b70a1824f981a54d4e55b278e9f760,2024-10-04,Fear,5207.443414,41,0.8780487804878049,8578.926097560974,27.44213906354899,123.107562,0,Low Frequency,Others,1,0
0x4f93fead39b70a1824f981a54d4e55b278e9f760,2024-10-05,Greed,2101.741695,22,0.2727272727272727,7131.0,3.755348789838459,54.90869,0,Low Frequency,Others,1,1
0x4f93fead39b70a1824f981a54d4e55b278e9f760,2024-10-06,Greed,0.0,4,0.0,6000.075,24000299999999.996,8.400105,0,Low Frequency,Others,0,1
0x4f93fead39b70a1824f981a54d4e55b278e9f760,2024-10-07,Greed,11595.627026,43,0.7674418604651163,15625.97930232558,0.09805848951560593,235.170963,0,Low Frequency,Others,1,1
0x4f93fead39b70a1824f981a54d4e55b278e9f760,2024-10-10,Fear,0.0,16,0.0,18751.521249999998,300024339999999.94,105.00851,0,Low Frequency,Others,0,0
0x4f93fead39b70a1824f981a54d4e55b278e9f760,2024-10-11,Fear,548.36595,8,0.75,22568.36875,0.1992599202490292,63.191428,0,Low Frequency,Others,1,0
0x4f93fead39b70a1824f981a54d4e55b278e9f760,2024-10-12,Greed,3986.312514,36,0.3333333333333333,19470.586944444443,1.3173531197911954,210.282321,0,Low Frequency,Others,1,1
0x4f93fead39b70a1824f981a54d4e55b278e9f760,2024-11-04,Greed,389.743164,16,0.125,4775.06,2.132003259866009,26.740329,0,Low Frequency,Others,1,1
0x4f93fead39b70a1824f981a54d4e55b278e9f760,2024-11-05,Greed,251.604742,9,1.0,7027.661111111111,0.0,22.137125,0,Low Frequency,Others,1,1
0x4f93fead39b70a1824f981a54d4e55b278e9f760,2024-11-06,Greed,0.0,21,0.0,13143.021904761907,276003460000000.0,96.60119399999999,0,Low Frequency,Others,0,1
0x4f93fead39b70a1824f981a54d4e55b278e9f760,2024-11-07,Greed,1876.812082,19,0.47368421052631576,8941.422105263156,0.9781644724324692,59.460443,0,Low Frequency,Others,1,1
0x4f93fead39b70a1824f981a54d4e55b278e9f760,2024-11-08,Greed,847.7766200000001,8,0.5,5104.981250000001,0.0,14.293947,0,Low Frequency,Others,1,1
0x4f93fead39b70a1824f981a54d4e55b278e9f760,2024-11-10,Greed,8885.327477,25,0.72,19556.1384,0.0,171.116194,0,Low Frequency,Others,1,1
0x4f93fead39b70a1824f981a54d4e55b278e9f760,2024-11-11,Greed,1479.677222,20,0.45,16571.107,0.8265199706475649,115.997742,0,Low Frequency,Others,1,1
0x4f93fead39b70a1824f981a54d4e55b278e9f760,2024-11-12,Greed,1083.777057,30,0.26666666666666666,23331.314333333332,0.24879818197787917,209.981818,0,Low Frequency,Others,1,1
0x4f93fead39b70a1824f981a54d4e55b278e9f760,2024-12-04,Greed,0.0,21,0.0,7138.52761904762,149909080000000.0,52.468165,0,Low Frequency,Others,0,1
0x4f93fead39b70a1824f981a54d4e55b278e9f760,2024-12-05,Greed,0.0,10,0.0,4500.464,45004640000000.0,15.751622000000001,0,Low Frequency,Others,0,1
0x4f93fead39b70a1824f981a54d4e55b278e9f760,2024-12-07,Greed,0.0,10,0.0,7600.664999999999,76006649999999.98,26.602324,0,Low Frequency,Others,0,1
0x4f93fead39b70a1824f981a54d4e55b278e9f760,2024-12-08,Greed,858.6705000000001,16,0.375,2758.775,44140400000000.0,15.449134,0,Low Frequency,Others,1,1
0x4f93fead39b70a1824f981a54d4e55b278e9f760,2024-12-10,Greed,541.55471,10,0.7,15971.34,2.1859113545170583,55.899685,0,Low Frequency,Others,1,1
0x4f93fead39b70a1824f981a54d4e55b278e9f760,2024-12-11,Greed,2053.119744,74,0.16216216216216217,14354.293783783784,2.017011776715312,371.776165,0,Low Frequency,Others,1,1
0x4f93fead39b70a1824f981a54d4e55b278e9f760,2024-12-12,Greed,0.0,31,0.0,12254.174838709678,0.0,113.963809,0,Low Frequency,Others,0,1
0x4f93fead39b70a1824f981a54d4e55b278e9f760,2025-01-01,Greed,0.0,1,0.0,49999.51,49999510000000.0,14.999852,0,Low Frequency,Others,0,1
0x4f93fead39b70a1824f981a54d4e55b278e9f760,2025-01-02,Greed,0.0,4,0.0,22500.69,90002759999999.98,27.000824,0,Low Frequency,Others,0,1
0x4f93fead39b70a1824f981a54d4e55b278e9f760,2025-01-04,Greed,1402.082488,20,0.4,7070.317,0.737035222645001,49.492214,0,Low Frequency,Others,1,1
0x4f93fead39b70a1824f981a54d4e55b278e9f760,2025-01-05,Greed,1220.746604,14,0.5,14373.198571428571,0.5942236948049159,70.42867100000001,0,Low Frequency,Others,1,1
0x4f93fead39b70a1824f981a54d4e55b278e9f760,2025-02-01,Greed,2399.9471460000004,19,0.42105263157894735,19582.443684210524,0.7534627179767033,111.619916,0,Low Frequency,Others,1,1
0x4f93fead39b70a1824f981a54d4e55b278e9f760,2025-02-02,Greed,0.0,30,0.0,25418.461333333333,762553839999999.9,228.766141,0,Low Frequency,Others,0,1
0x4f93fead39b70a1824f981a54d4e55b278e9f760,2025-02-03,Fear,11005.991600000001,26,0.8076923076923077,43406.429615384615,0.056156964052035276,338.570135,0,Low Frequency,Others,1,0
0x4f93fead39b70a1824f981a54d4e55b278e9f760,2025-02-04,Greed,0.0,1,0.0,19999.7,19999700000000.0,6.999896,0,Low Frequency,Others,0,1
0x4f93fead39b70a1824f981a54d4e55b278e9f760,2025-03-01,Fear,3084.287743,48,0.6041666666666666,9644.217708333334,0.6362280794862166,151.997587,0,Low Frequency,Others,1,0
0x4f93fead39b70a1824f981a54d4e55b278e9f760,2025-03-03,Fear,1136.272279,12,0.5,26764.120833333334,0.7729393360803585,96.350832,0,Low Frequency,Others,1,0
0x4f93fead39b70a1824f981a54d4e55b278e9f760,2025-03-04,Fear,0.0,9,0.0,31104.344444444443,279939099999999.97,97.978681,0,Low Frequency,Others,0,0
0x4f93fead39b70a1824f981a54d4e55b278e9f760,2025-04-01,Fear,0.0,14,0.0,7142.837142857143,99999720000000.0,30.499879,0,Low Frequency,Others,0,0
0x4f93fead39b70a1824f981a54d4e55b278e9f760,2025-04-02,Fear,6403.5061239999995,9,1.0,95439.94666666667,0.0,257.687851,0,Low Frequency,Others,1,0
0x4f93fead39b70a1824f981a54d4e55b278e9f760,2025-04-03,Fear,8002.939313,59,0.4745762711864407,25872.653898305085,0.8909881870855719,457.945929,0,Low Frequency,Others,1,0
0x4f93fead39b70a1824f981a54d4e55b278e9f760,2025-04-04,Fear,4591.427138999999,21,0.6190476190476191,20216.697142857145,0.3941171660863725,148.592715,0,Low Frequency,Others,1,0
0x4f93fead39b70a1824f981a54d4e55b278e9f760,2025-05-01,Greed,890.33157,19,0.21052631578947367,19427.31105263158,0.9499630049001684,122.659064,0,Low Frequency,Others,1,1
0x4f93fead39b70a1824f981a54d4e55b278e9f760,2025-05-02,Greed,0.0,9,0.0,16663.026666666665,149967239999999.97,44.99017,0,Low Frequency,Others,0,1
0x513b8629fe877bb581bf244e326a047b249c4ff1,2024-09-12,Fear,0.0,42,0.0,1682.2211904761903,70653289999999.98,1.90281219,0,High Frequency,Consistent Winner,0,0
0x513b8629fe877bb581bf244e326a047b249c4ff1,2024-12-12,Greed,0.0,89,0.0,3332.177640449438,296563810000000.0,5.42675177,0,High Frequency,Consistent Winner,0,1
0x513b8629fe877bb581bf244e326a047b249c4ff1,2025-01-04,Greed,0.0,13,0.0,13807.81,179501530000000.0,17.232134000000002,0,High Frequency,Consistent Winner,0,1
0x513b8629fe877bb581bf244e326a047b249c4ff1,2025-01-05,Greed,60544.304874,329,0.7173252279635258,22713.250030395135,0.1609382461146229,1718.711472,0,High Frequency,Consistent Winner,1,1
0x513b8629fe877bb581bf244e326a047b249c4ff1,2025-03-04,Fear,0.0,49,0.0,2260.9597959183675,110787029999999.98,15.327551,0,High Frequency,Consistent Winner,0,0
0x6d6a4b953f202f8df5bed40692e7fd865318264a,2024-11-12,Greed,698.009722,8,1.0,136.67374999999998,0.0,0.382683,0,Low Frequency,Others,1,1
0x6d6a4b953f202f8df5bed40692e7fd865318264a,2024-12-12,Greed,362.84131,4,1.0,133.0725,0.0,0.1863,0,Low Frequency,Others,1,1
0x6d6a4b953f202f8df5bed40692e7fd865318264a,2025-01-02,Greed,0.0,5,0.0,1987.6240000000003,9938120000000.0,0.1274312,0,Low Frequency,Others,0,1
0x6d6a4b953f202f8df5bed40692e7fd865318264a,2025-01-04,Greed,132.71954399999998,14,0.2857142857142857,1954.3107142857145,0.2729563054962873,8.474178,0,Low Frequency,Others,1,1
0x6d6a4b953f202f8df5bed40692e7fd865318264a,2025-02-04,Greed,234.497751,34,0.2647058823529412,1120.655,1.2756767345923898,10.156926,0,Low Frequency,Others,1,1
0x6d6a4b953f202f8df5bed40692e7fd865318264a,2025-03-04,Fear,298.031364,20,0.25,922.9384999999999,17.47022153733568,4.44771796,0,Low Frequency,Others,1,0
0x6d6a4b953f202f8df5bed40692e7fd865318264a,2025-04-04,Fear,392.35488599999996,60,0.15,626.296,1.3044820493572882,7.347055961,0,Low Frequency,Others,1,0
0x72743ae2822edd658c0c50608fd7c5c501b2afbd,2025-04-01,Fear,0.0,141,0.0,11569.857730496453,0.0,163.134953,0,High Frequency,Others,0,0
0x72c6a4624e1dffa724e6d00d64ceae698af892a0,2024-12-12,Greed,0.0,17,0.0,1397.385294117647,0.0,2.280519,0,Low Frequency,Consistent Winner,0,1
0x72c6a4624e1dffa724e6d00d64ceae698af892a0,2025-01-03,Greed,0.0,14,0.0,791.3578571428571,5.928711694805548,1.06357,0,Low Frequency,Consistent Winner,0,1
0x72c6a4624e1dffa724e6d00d64ceae698af892a0,2025-02-01,Greed,0.0,3,0.0,8894.193333333335,0.0,2.5615259999999997,0,Low Frequency,Consistent Winner,0,1
0x72c6a4624e1dffa724e6d00d64ceae698af892a0,2025-02-02,Greed,0.0,37,0.0,837.1502702702703,0.0,2.973523,0,Low Frequency,Consistent Winner,0,1
0x72c6a4624e1dffa724e6d00d64ceae698af892a0,2025-02-03,Fear,10915.212,25,1.0,1366.0404,34151010000000.0,3.278486,0,Low Frequency,Consistent Winner,1,0
0x72c6a4624e1dffa724e6d00d64ceae698af892a0,2025-03-01,Fear,0.0,6,0.0,6065.75,0.0,3.493867,0,Low Frequency,Consistent Winner,0,0
0x72c6a4624e1dffa724e6d00d64ceae698af892a0,2025-03-03,Fear,17247.427499999998,16,0.625,3784.509375,60552150000000.0,5.8129919999999995,0,Low Frequency,Consistent Winner,1,0
0x72c6a4624e1dffa724e6d00d64ceae698af892a0,2025-04-01,Fear,0.0,1,0.0,2128.95,0.0,0.204379,0,Low Frequency,Consistent Winner,0,0
0x72c6a4624e1dffa724e6d00d64ceae698af892a0,2025-04-02,Fear,0.0,1,0.0,15000.0,0.0,1.44,0,Low Frequency,Consistent Winner,0,0
0x72c6a4624e1dffa724e6d00d64ceae698af892a0,2025-04-03,Fear,169132.29611,155,0.4967741935483871,3030.0763225806454,469661830000000.0,45.087396,0,Low Frequency,Consistent Winner,1,0
0x72c6a4624e1dffa724e6d00d64ceae698af892a0,2025-05-01,Greed,0.0,8,0.0,2863.6875,0.0,2.199305,0,Low Frequency,Consistent Winner,0,1
0x75f7eeb85dc639d5e99c78f95393aa9a5f1170d4,2024-01-03,Greed,8244.241409,137,0.9343065693430657,3452.370072992701,0.9657360936681336,-0.546854,0,High Frequency,Others,1,1
0x75f7eeb85dc639d5e99c78f95393aa9a5f1170d4,2024-01-04,Greed,2507.122467,48,0.8333333333333334,4260.021458333334,0.9757804815360824,36.505066,0,High Frequency,Others,1,1
0x75f7eeb85dc639d5e99c78f95393aa9a5f1170d4,2024-02-03,Greed,1674.715167,24,0.875,2510.5745833333335,0.945912838922754,-1.205066,0,High Frequency,Others,1,1
0x75f7eeb85dc639d5e99c78f95393aa9a5f1170d4,2024-03-03,Greed,8361.086245,79,0.6835443037974683,4946.1478481012655,0.9581009372980286,-2.507103,0,High Frequency,Others,1,1
0x75f7eeb85dc639d5e99c78f95393aa9a5f1170d4,2024-03-04,Greed,126.7884,2,0.5,3443.955,0.9638502002933942,0.6612359999999999,0,High Frequency,Others,1,1
0x75f7eeb85dc639d5e99c78f95393aa9a5f1170d4,2024-03-05,Greed,-13.844579999999999,7,0.14285714285714285,47.215714285714284,1.087475525793675,0.087448,1,High Frequency,Others,0,1
0x75f7eeb85dc639d5e99c78f95393aa9a5f1170d4,2024-04-03,Greed,26773.771643,287,0.8815331010452961,5485.087665505226,0.9754375270800367,-1.503619,0,High Frequency,Others,1,1
0x75f7eeb85dc639d5e99c78f95393aa9a5f1170d4,2024-05-03,Greed,19791.026041,180,0.9055555555555556,4676.724,0.9378691499939734,-4.438459,0,High Frequency,Others,1,1
0x75f7eeb85dc639d5e99c78f95393aa9a5f1170d4,2024-05-04,Greed,5296.433789,82,0.9146341463414634,3723.111585365854,0.9658949478079701,33.956321,0,High Frequency,Others,1,1
0x75f7eeb85dc639d5e99c78f95393aa9a5f1170d4,2024-05-05,Greed,0.916,2,0.5,41.15,0.9778899302817138,0.017665,0,High Frequency,Others,1,1
0x75f7eeb85dc639d5e99c78f95393aa9a5f1170d4,2024-06-03,Greed,6814.825139,82,0.8780487804878049,3990.4636585365856,0.9591967065274124,-3.355318,0,High Frequency,Others,1,1
0x75f7eeb85dc639d5e99c78f95393aa9a5f1170d4,2024-07-05,Fear,0.0,1,0.0,47.59,0.0,0.004568,0,High Frequency,Others,0,0
0x75f7eeb85dc639d5e99c78f95393aa9a5f1170d4,2024-08-03,Fear,4271.886236,67,0.8805970149253731,2740.047462686567,0.9591045346326826,-3.6716290000000003,0,High Frequency,Others,1,0
0x75f7eeb85dc639d5e99c78f95393aa9a5f1170d4,2024-08-04,Fear,1218.4267,2,0.5,24387.135,0.9512556833297281,4.682328,0,High Frequency,Others,1,0
0x75f7eeb85dc639d5e99c78f95393aa9a5f1170d4,2024-08-05,Fear,1.56576,3,0.3333333333333333,46.46,1.9858611824767385,0.034866,0,High Frequency,Others,1,0
0x75f7eeb85dc639d5e99c78f95393aa9a5f1170d4,2024-09-03,Fear,9949.501624,117,0.8290598290598291,5625.459401709401,0.9702118713677693,1.8517640000000002,0,High Frequency,Others,1,0
0x75f7eeb85dc639d5e99c78f95393aa9a5f1170d4,2024-09-12,Fear,0.01574,7,0.42857142857142855,16.731428571428573,0.999658528239719,0.039342,0,High Frequency,Others,1,0
0x75f7eeb85dc639d5e99c78f95393aa9a5f1170d4,2024-10-03,Fear,2482.9272,42,0.6904761904761905,5237.472619047619,0.9776770141438609,2.281072,0,High Frequency,Others,1,0
0x75f7eeb85dc639d5e99c78f95393aa9a5f1170d4,2024-10-12,Greed,3634.56814,153,0.9607843137254902,1401.238888888889,0.9666590100214512,29.384128,0,High Frequency,Others,1,1
0x75f7eeb85dc639d5e99c78f95393aa9a5f1170d4,2024-11-03,Greed,3588.179495,42,0.9285714285714286,4202.844047619047,0.9601546141730218,8.47289,0,High Frequency,Others,1,1
0x75f7eeb85dc639d5e99c78f95393aa9a5f1170d4,2024-11-12,Greed,1567.4026840000001,23,0.34782608695652173,7024.881304347826,0.9807844418966498,25.752448,0,High Frequency,Others,1,1
0x75f7eeb85dc639d5e99c78f95393aa9a5f1170d4,2024-12-03,Greed,3039.166,8,0.875,12880.10625,0.9427004255843666,4.945953,0,High Frequency,Others,1,1
0x75f7eeb85dc639d5e99c78f95393aa9a5f1170d4,2024-12-04,Greed,2237.798674,93,0.7634408602150538,2815.611935483871,0.983052953829919,34.478052,0,High Frequency,Others,1,1
0x75f7eeb85dc639d5e99c78f95393aa9a5f1170d4,2024-12-12,Greed,323.34897900000016,52,0.07692307692307693,3563.27,0.4858950268197179,31.148417,0,High Frequency,Others,1,1
0x75f7eeb85dc639d5e99c78f95393aa9a5f1170d4,2025-01-02,Greed,9609.447365,148,0.7702702702702703,4026.3325675675674,0.9349616072796689,97.74337,0,High Frequency,Others,1,1
0x75f7eeb85dc639d5e99c78f95393aa9a5f1170d4,2025-02-01,Greed,3429.9583199999997,53,0.9433962264150944,3870.1449056603774,0.9671064095576735,25.233412,0,High Frequency,Others,1,1
0x75f7eeb85dc639d5e99c78f95393aa9a5f1170d4,2025-02-03,Fear,948.6016900000001,12,0.9166666666666666,3923.564166666667,0.9605004061927449,5.349213,0,High Frequency,Others,1,0
0x75f7eeb85dc639d5e99c78f95393aa9a5f1170d4,2025-02-04,Greed,90.98474,11,0.8181818181818182,2925.4536363636366,0.9943608777916881,3.0892720000000002,0,High Frequency,Others,1,1
0x75f7eeb85dc639d5e99c78f95393aa9a5f1170d4,2025-03-02,Fear,14982.681725,351,0.7492877492877493,2940.937606837607,0.9713865201442545,164.396728,0,High Frequency,Others,1,0
0x75f7eeb85dc639d5e99c78f95393aa9a5f1170d4,2025-03-03,Fear,-370.250064,101,0.6039603960396039,1018.7064356435644,1.0072230442912393,9.877271,1,High Frequency,Others,0,0
0x75f7eeb85dc639d5e99c78f95393aa9a5f1170d4,2025-04-02,Fear,1985.815595,76,0.9736842105263158,1605.050657894737,0.9679636026955482,16.000068,0,High Frequency,Others,1,0
0x75f7eeb85dc639d5e99c78f95393aa9a5f1170d4,2025-05-02,Greed,14.590934,20,0.75,2107.2529999999997,0.9993073947939333,4.417903,0,High Frequency,Others,1,1
0x7f4f299f74eec87806a830e3caa9afa5f2b9db8f,2025-01-01,Greed,0.0,3,0.0,7555.826666666667,22667480000000.0,0.09393894,0,Low Frequency,Others,0,1
0x7f4f299f74eec87806a830e3caa9afa5f2b9db8f,2025-02-01,Greed,1008.518954,9,0.5555555555555556,6758.5633333333335,0.7404862379650656,3.6017669,0,Low Frequency,Others,1,1
0x7f4f299f74eec87806a830e3caa9afa5f2b9db8f,2025-03-01,Fear,937.789615,26,0.6538461538461539,1975.7373076923077,0.8737423072096702,2.84845973,0,Low Frequency,Others,1,0
0x7f4f299f74eec87806a830e3caa9afa5f2b9db8f,2025-05-01,Greed,1093.05677,7,1.0,1828.1614285714284,0.0,1.279708,0,Low Frequency,Others,1,1
0x8170715b3b381dffb7062c0298972d4727a0a63b,2025-01-02,Greed,0.0,18,0.0,773.4088888888889,0.0,1.336437,0,Low Frequency,Others,0,1
0x8170715b3b381dffb7062c0298972d4727a0a63b,2025-01-04,Greed,4004.50286,13,0.9230769230769231,9495.466153846153,0.0,34.276202000000005,0,Low Frequency,Others,1,1
0x8170715b3b381dffb7062c0298972d4727a0a63b,2025-02-01,Greed,739.18423,3,1.0,1004.1633333333334,3012490000000.0,1.054367,0,Low Frequency,Others,1,1
0x8170715b3b381dffb7062c0298972d4727a0a63b,2025-02-02,Greed,0.0,30,0.0,1333.3373333333334,0.0,5.040154,0,Low Frequency,Others,0,1
0x8170715b3b381dffb7062c0298972d4727a0a63b,2025-02-03,Fear,0.0,2,0.0,2499.975,0.0,0.47999499999999995,0,Low Frequency,Others,0,0
0x8170715b3b381dffb7062c0298972d4727a0a63b,2025-02-04,Greed,8045.056928,7,1.0,2142.8557142857144,14999990000000.0,1.4399929999999999,0,Low Frequency,Others,1,1
0x8170715b3b381dffb7062c0298972d4727a0a63b,2025-03-02,Fear,13770.715332,119,0.8067226890756303,355.00016806722687,1.3470263975758414,4.055456,0,Low Frequency,Others,1,0
0x8170715b3b381dffb7062c0298972d4727a0a63b,2025-03-03,Fear,0.0,8,0.0,624.99375,0.0,0.479993,0,Low Frequency,Others,0,0
0x8170715b3b381dffb7062c0298972d4727a0a63b,2025-03-04,Fear,0.0,85,0.0,5629.0912941176475,4.316369316369268,59.968334999999996,0,Low Frequency,Others,0,0
0x8170715b3b381dffb7062c0298972d4727a0a63b,2025-04-02,Fear,0.0,45,0.0,676.7046666666666,0.0,2.923326,0,Low Frequency,Others,0,0
0x8170715b3b381dffb7062c0298972d4727a0a63b,2025-04-03,Fear,6939.47356,16,0.8125,937.494375,2.0000060000476,1.43998,0,Low Frequency,Others,1,0
0x8170715b3b381dffb7062c0298972d4727a0a63b,2025-04-04,Fear,4805.345609999999,68,0.10294117647058823,932.0805882352942,0.461156236787531,8.48551,0,Low Frequency,Others,1,0
0x8170715b3b381dffb7062c0298972d4727a0a63b,2025-05-02,Greed,0.0,25,0.0,599.9928,0.0,1.439955,0,Low Frequency,Others,0,1
0x8381e6d82f1affd39a336e143e081ef7620a3b7f,2024-01-12,Greed,0.0,3,0.0,999.5866666666667,2998760000000.0,1.049569,0,Low Frequency,Others,0,1
0x8381e6d82f1affd39a336e143e081ef7620a3b7f,2024-02-12,Greed,0.0,6,0.0,340.65333333333336,2043920000000.0,0.43464074,0,Low Frequency,Others,0,1
0x8381e6d82f1affd39a336e143e081ef7620a3b7f,2024-04-12,Greed,33.26141600000001,10,0.2,669.609,0.5915484588616418,1.54664128,0,Low Frequency,Others,1,1
0x8381e6d82f1affd39a336e143e081ef7620a3b7f,2024-05-12,Greed,0.0,2,0.0,294.265,588529999999.9999,0.01519692,0,Low Frequency,Others,0,1
0x8381e6d82f1affd39a336e143e081ef7620a3b7f,2024-06-12,Greed,0.0,1,0.0,292.11,292110000000.0,0.00232193,0,Low Frequency,Others,0,1
0x8381e6d82f1affd39a336e143e081ef7620a3b7f,2024-07-12,Fear,0.0,3,0.0,1021.2966666666667,3063890000000.0,0.02168289,0,Low Frequency,Others,0,0
0x8381e6d82f1affd39a336e143e081ef7620a3b7f,2024-08-12,Fear,-21.54374,5,0.0,984.758,2.624377999585855,1.01392597,1,Low Frequency,Others,0,0
0x8381e6d82f1affd39a336e143e081ef7620a3b7f,2024-09-12,Fear,0.0,4,0.0,440.95,1763799999999.9998,0.02488189,0,Low Frequency,Others,0,0
0x8381e6d82f1affd39a336e143e081ef7620a3b7f,2024-10-12,Greed,0.0,1,0.0,587.97,587970000000.0,0.00478794,0,Low Frequency,Others,0,1
0x8381e6d82f1affd39a336e143e081ef7620a3b7f,2025-01-01,Greed,0.0,5,0.0,200.802,1004009999999.9999,0.01478382,0,Low Frequency,Others,0,1
0x8381e6d82f1affd39a336e143e081ef7620a3b7f,2025-02-02,Greed,0.0,19,0.0,1943.7873684210526,36931960000000.0,0.53399801,0,Low Frequency,Others,0,1
0x8381e6d82f1affd39a336e143e081ef7620a3b7f,2025-03-02,Fear,0.0,8,0.0,2351.285,18810279999999.996,0.30528029,0,Low Frequency,Others,0,0
0x8381e6d82f1affd39a336e143e081ef7620a3b7f,2025-04-01,Fear,0.0,2,0.0,710.865,1421730000000.0,0.00615996,0,Low Frequency,Others,0,0
0x8381e6d82f1affd39a336e143e081ef7620a3b7f,2025-04-02,Fear,9167.620989,104,0.47115384615384615,58124.15365384616,0.978752679063914,2115.719137,0,Low Frequency,Others,1,0
0x8381e6d82f1affd39a336e143e081ef7620a3b7f,2025-05-01,Greed,0.0,1,0.0,456.83,456829999999.99994,0.00185097,0,Low Frequency,Others,0,1
0x8381e6d82f1affd39a336e143e081ef7620a3b7f,2025-05-02,Greed,1843.301845,327,0.3853211009174312,2347.8439143730884,0.9952096462594142,119.89688567,0,Low Frequency,Others,1,1
0x8477e447846c758f5a675856001ea72298fd9cb5,2024-01-06,Greed,91.510419,25,0.36,513.3848,0.9858334016699465,4.492106,0,High Frequency,Others,1,1
0x8477e447846c758f5a675856001ea72298fd9cb5,2024-01-08,Greed,167.080017,34,0.11764705882352941,1432.7749999999999,3.002681088506897,17.050004,0,High Frequency,Others,1,1
0x8477e447846c758f5a675856001ea72298fd9cb5,2024-01-09,Greed,137.433093,12,0.4166666666666667,1029.9733333333334,1.7472121520604076,4.325861,0,High Frequency,Others,1,1
0x8477e447846c758f5a675856001ea72298fd9cb5,2024-01-12,Greed,1169.432253,123,0.44715447154471544,893.489918699187,1.5030881118001587,38.464692,0,High Frequency,Others,1,1
0x8477e447846c758f5a675856001ea72298fd9cb5,2024-02-06,Greed,192.906947,93,0.3655913978494624,316.822688172043,0.570482329714533,7.792912,0,High Frequency,Others,1,1
0x8477e447846c758f5a675856001ea72298fd9cb5,2024-02-08,Greed,228.247701,15,0.8,1984.4720000000002,0.0,10.418471,0,High Frequency,Others,1,1
0x8477e447846c758f5a675856001ea72298fd9cb5,2024-02-12,Greed,254.15562,8,0.125,1667.92875,0.20228411302528274,4.670198,0,High Frequency,Others,1,1
0x8477e447846c758f5a675856001ea72298fd9cb5,2024-03-06,Greed,562.808208,70,0.6285714285714286,306.66942857142857,2.0311347449630857,5.378086,0,High Frequency,Others,1,1
0x8477e447846c758f5a675856001ea72298fd9cb5,2024-03-08,Greed,464.1897,1,1.0,4534.09,4534090000000.0,1.58693,0,High Frequency,Others,1,1
0x8477e447846c758f5a675856001ea72298fd9cb5,2024-03-12,Greed,-158.695661,6,0.0,2708.735,5.5070546031063055,5.688339,1,High Frequency,Others,0,1
0x8477e447846c758f5a675856001ea72298fd9cb5,2024-04-06,Greed,52.211438,53,0.4716981132075472,457.42283018867926,0.9957053916802152,7.432953,0,High Frequency,Others,1,1
0x8477e447846c758f5a675856001ea72298fd9cb5,2024-04-08,Greed,109.005815,17,0.17647058823529413,2129.0517647058823,0.9939949667904588,12.667850000000001,0,High Frequency,Others,1,1
0x8477e447846c758f5a675856001ea72298fd9cb5,2024-05-06,Greed,56.055506,54,0.2962962962962963,469.4587037037037,0.9955846570571101,7.1040600000000005,0,High Frequency,Others,1,1
0x8477e447846c758f5a675856001ea72298fd9cb5,2024-05-08,Greed,160.44369899999998,17,0.4117647058823529,2357.7947058823524,0.9920269244741565,14.028866,0,High Frequency,Others,1,1
0x8477e447846c758f5a675856001ea72298fd9cb5,2024-06-06,Greed,274.173187,234,0.42735042735042733,587.8536752136753,0.9960163183810907,37.079424,0,High Frequency,Others,1,1
0x8477e447846c758f5a675856001ea72298fd9cb5,2024-07-06,Fear,1573.244278,374,0.39037433155080214,832.9677272727273,1.0113345081239067,97.668292,0,High Frequency,Others,1,0
0x8477e447846c758f5a675856001ea72298fd9cb5,2024-08-06,Fear,129.13883900000002,22,0.36363636363636365,2379.510454545454,0.8760576049541238,18.32221,0,High Frequency,Others,1,0
0x8477e447846c758f5a675856001ea72298fd9cb5,2024-09-08,Fear,151.092375,69,0.2463768115942029,635.3107246376812,0.9931262477942204,15.342713,0,High Frequency,Others,1,0
0x8477e447846c758f5a675856001ea72298fd9cb5,2024-09-11,Fear,102.90894,77,0.24675324675324675,563.4285714285714,0.6982225891318022,13.684359,0,High Frequency,Others,1,0
0x8477e447846c758f5a675856001ea72298fd9cb5,2024-10-06,Greed,31.266804999999998,49,0.3673469387755102,460.97204081632657,0.9972315236698981,6.296223,0,High Frequency,Others,1,1
0x8477e447846c758f5a675856001ea72298fd9cb5,2024-10-11,Fear,442.748384,164,0.27439024390243905,1361.297987804878,0.2750745687718961,78.13843,0,High Frequency,Others,1,0
0x8477e447846c758f5a675856001ea72298fd9cb5,2024-11-06,Greed,51.081143,27,0.3333333333333333,696.6096296296296,0.9945831128435799,6.582947,0,High Frequency,Others,1,1
0x8477e447846c758f5a675856001ea72298fd9cb5,2024-11-11,Greed,4876.874304,172,0.45930232558139533,1907.2104069767443,2.141817282226167,109.53626799999999,0,High Frequency,Others,1,1
0x8477e447846c758f5a675856001ea72298fd9cb5,2024-12-06,Greed,-21886.531493,217,0.0967741935483871,884.2718433179723,1.257486563573658,63.692827,1,High Frequency,Others,0,1
0x8477e447846c758f5a675856001ea72298fd9cb5,2024-12-11,Greed,1441.27965,91,0.24175824175824176,1631.5342857142857,1.1222530674975815,51.964324999999995,0,High Frequency,Others,1,1
0x8477e447846c758f5a675856001ea72298fd9cb5,2025-01-02,Greed,1579.909758,60,0.48333333333333334,615.154,2.6147751467581313,12.918201,0,High Frequency,Others,1,1
0x8477e447846c758f5a675856001ea72298fd9cb5,2025-01-05,Greed,-200.94846,19,0.0,309.6568421052632,1.9435944645116707,1.088026,1,High Frequency,Others,0,1
0x8477e447846c758f5a675856001ea72298fd9cb5,2025-02-01,Greed,45.086985,77,0.12987012987012986,332.6585714285714,0.14035343120494004,8.74195096,0,High Frequency,Others,1,1
0x8477e447846c758f5a675856001ea72298fd9cb5,2025-02-02,Greed,1023.934713,60,0.25,1069.4091666666668,27.885385013605287,22.457569,0,High Frequency,Others,1,1
0x8477e447846c758f5a675856001ea72298fd9cb5,2025-03-01,Fear,909.1721379999999,177,0.1807909604519774,251.76581920903956,0.4566418873023641,14.999851,0,High Frequency,Others,1,0
0x8477e447846c758f5a675856001ea72298fd9cb5,2025-03-02,Fear,1474.607584,138,0.4855072463768116,1645.3448550724638,0.6188968896615117,79.470085,0,High Frequency,Others,1,0
0x8477e447846c758f5a675856001ea72298fd9cb5,2025-03-03,Fear,468.35197800000003,68,0.3382352941176471,575.8669117647058,1.1381823761215444,13.705607,0,High Frequency,Others,1,0
0x8477e447846c758f5a675856001ea72298fd9cb5,2025-03-04,Fear,0.0,6,0.0,666.2016666666667,3997210000000.0,1.399017,0,High Frequency,Others,0,0
0x8477e447846c758f5a675856001ea72298fd9cb5,2025-04-01,Fear,30.818079,51,0.0392156862745098,182.9343137254902,0.07585711435762972,3.265351,0,High Frequency,Others,1,0
0x8477e447846c758f5a675856001ea72298fd9cb5,2025-04-02,Fear,0.0,6,0.0,462.50499999999994,0.0,0.971256,0,High Frequency,Others,0,0
0x8477e447846c758f5a675856001ea72298fd9cb5,2025-04-03,Fear,54.2704,8,0.125,1117.82,8942559999999.998,3.1298969999999997,0,High Frequency,Others,1,0
0x8477e447846c758f5a675856001ea72298fd9cb5,2025-04-04,Fear,586.623362,54,0.3148148148148148,483.5138888888889,0.7013144751254039,8.263874,0,High Frequency,Others,1,0
0x8477e447846c758f5a675856001ea72298fd9cb5,2025-05-01,Greed,151.429584,51,0.17647058823529413,209.45666666666668,0.28340461830498553,2.822904,0,High Frequency,Others,1,1
0x8477e447846c758f5a675856001ea72298fd9cb5,2025-05-02,Greed,554.257954,20,0.6,554.9604999999999,1.5001824587324524,3.8847129999999996,0,High Frequency,Others,1,1
0x92f17e8d81a944691c10e753af1b1baae1a2cd0d,2025-02-02,Greed,12245.905048999999,169,0.4437869822485207,2370.67449704142,0.9406826170743448,140.225324,0,High Frequency,Consistent Winner,1,1
0xa0feb3725a9335f49874d7cd8eaad6be45b27416,2025-01-02,Greed,923.487443,18,1.0,1390.1038888888888,0.0,2.633701,0,High Frequency,Others,1,1
0xa0feb3725a9335f49874d7cd8eaad6be45b27416,2025-01-05,Greed,1449.529436,288,0.3506944444444444,1130.8870833333333,0.5717037664519032,27.8552032658,0,High Frequency,Others,1,1
0xa0feb3725a9335f49874d7cd8eaad6be45b27416,2025-02-02,Greed,0.0,29,0.0,1210.4648275862069,35103479999999.992,5.072198,0,High Frequency,Others,0,1
0xa0feb3725a9335f49874d7cd8eaad6be45b27416,2025-02-03,Fear,625.512206,32,0.5,1691.2284375000002,0.023630427632169573,2.793128,0,High Frequency,Others,1,0
0xa0feb3725a9335f49874d7cd8eaad6be45b27416,2025-03-02,Fear,2161.6751200000003,15,0.4,8577.862,0.8028058482634204,26.363956,0,High Frequency,Others,1,0
0xa0feb3725a9335f49874d7cd8eaad6be45b27416,2025-03-03,Fear,60.171373,176,0.08522727272727272,234.52426136363636,3.2617308857825944,2.7102749999999998,0,High Frequency,Others,1,0
0xa0feb3725a9335f49874d7cd8eaad6be45b27416,2025-04-02,Fear,4624.583773,731,0.18878248974008208,1221.8522845417237,1.4961442922919035,157.259385,0,High Frequency,Others,1,0
0xa0feb3725a9335f49874d7cd8eaad6be45b27416,2025-04-03,Fear,0.0,40,0.0,369.27675,14771069999999.998,0.738537,0,High Frequency,Others,0,0
0xa0feb3725a9335f49874d7cd8eaad6be45b27416,2025-05-02,Greed,-6194.283149,368,0.12228260869565218,4161.944646739131,0.9306515570523582,304.26918,1,High Frequency,Others,0,1
0xa520ded057a32086c40e7dd6ed4eb8efb82c00e0,2024-01-12,Greed,34709.852428,61,0.8032786885245902,856.4519672131147,0.2440843947850078,9.36078833,0,Low Frequency,Others,1,1
0xa520ded057a32086c40e7dd6ed4eb8efb82c00e0,2024-03-08,Greed,0.0,16,0.0,9281.686875,148506989999999.97,51.977449,0,Low Frequency,Others,0,1
0xa520ded057a32086c40e7dd6ed4eb8efb82c00e0,2024-03-12,Greed,0.0,34,0.0,2941.1758823529412,99999979999999.98,2.2150486799999998,0,Low Frequency,Others,0,1
0xa520ded057a32086c40e7dd6ed4eb8efb82c00e0,2024-04-08,Greed,-14176.51042,10,0.0,13492.987,0.004461905524061889,48.482797000000005,1,Low Frequency,Others,0,1
0xa520ded057a32086c40e7dd6ed4eb8efb82c00e0,2024-05-08,Greed,0.0,2,0.0,10053.805,20107610000000.0,36.606680000000004,0,Low Frequency,Others,0,1
0xa520ded057a32086c40e7dd6ed4eb8efb82c00e0,2024-07-08,Fear,0.0,1,0.0,500.0,499999999999.99994,0.2136618,0,Low Frequency,Others,0,0
0xa520ded057a32086c40e7dd6ed4eb8efb82c00e0,2024-07-11,Fear,3360.9281,95,0.5052631578947369,208.8205263157895,0.9837692110001585,1.87150338,0,Low Frequency,Others,1,0
0xa520ded057a32086c40e7dd6ed4eb8efb82c00e0,2024-08-08,Fear,-40.712216999999995,4,0.0,114.82,0.0,0.160745,1,Low Frequency,Others,0,0
0xa520ded057a32086c40e7dd6ed4eb8efb82c00e0,2024-08-09,Greed,0.0,1,0.0,0.11,0.0,0.0,0,Low Frequency,Others,0,1
0xa520ded057a32086c40e7dd6ed4eb8efb82c00e0,2024-09-08,Fear,0.0,2,0.0,250.0,499999999999.99994,0.08139447,0,Low Frequency,Others,0,0
0xa520ded057a32086c40e7dd6ed4eb8efb82c00e0,2024-10-09,Greed,-219.729659,2,0.0,890.27,0.0,0.62319,1,Low Frequency,Others,0,1
0xa520ded057a32086c40e7dd6ed4eb8efb82c00e0,2024-10-12,Greed,0.0,8,0.0,13718.098750000001,109744790000000.0,2.38649766,0,Low Frequency,Others,0,1
0xa520ded057a32086c40e7dd6ed4eb8efb82c00e0,2024-11-12,Greed,994.238977,15,1.0,165.00133333333332,0.0,0.620024,0,Low Frequency,Others,1,1
0xa520ded057a32086c40e7dd6ed4eb8efb82c00e0,2024-12-12,Greed,2512.437585,4,1.0,1374.4125000000001,0.0,1.8742159999999999,0,Low Frequency,Others,1,1
0xa520ded057a32086c40e7dd6ed4eb8efb82c00e0,2025-03-02,Fear,20.596691,1,1.0,999.91,0.0,0.349967,0,Low Frequency,Others,1,0
0xa520ded057a32086c40e7dd6ed4eb8efb82c00e0,2025-04-01,Fear,556.803152,5,1.0,213.09399999999997,0.0,0.356291,0,Low Frequency,Others,1,0
0xae5eacaf9c6b9111fd53034a602c192a04e082ed,2024-02-12,Greed,0.0,44,0.0,1779.0295454545455,78277300000000.0,3.50139761,0,Low Frequency,Others,0,1
0xae5eacaf9c6b9111fd53034a602c192a04e082ed,2024-03-12,Greed,20925.513222,145,0.7241379310344828,3898.738206896552,0.701430440619578,197.860887,0,Low Frequency,Others,1,1
0xae5eacaf9c6b9111fd53034a602c192a04e082ed,2024-04-12,Greed,0.0,1,0.0,0.1,0.0,0.0,0,Low Frequency,Others,0,1
0xae5eacaf9c6b9111fd53034a602c192a04e082ed,2025-04-03,Fear,0.0,21,0.0,7268.525238095238,152639030000000.0,51.286693,0,Low Frequency,Others,0,0
0xaf40fdc468c30116bd3307bcbf4a451a7ebf1deb,2024-09-12,Fear,0.0,4,0.0,1968.8700000000001,7875480000000.0,0.787545,0,Low Frequency,Others,0,0
0xaf40fdc468c30116bd3307bcbf4a451a7ebf1deb,2024-11-12,Greed,39.7705,1,1.0,7158.62,0.0,2.505516,0,Low Frequency,Others,1,1
0xaf40fdc468c30116bd3307bcbf4a451a7ebf1deb,2024-12-12,Greed,15.24474,1,1.0,771.87,0.0,0.270154,0,Low Frequency,Others,1,1
0xaf40fdc468c30116bd3307bcbf4a451a7ebf1deb,2025-03-04,Fear,2020.0,8,0.125,42527.5,0.9472298534798481,34.021999,0,Low Frequency,Others,1,0
0xb1231a4a2dd02f2276fa3c5e2a2f3436e6bfed23,2023-05-12,Greed,0.0,9,0.0,5556.203333333334,1.000343618967727,12.501455,0,High Frequency,Consistent Winner,0,1
0xb1231a4a2dd02f2276fa3c5e2a2f3436e6bfed23,2024-01-01,Greed,-129.53146,18,0.05555555555555555,14679.973888888888,1.000981636811032,66.059867,1,High Frequency,Consistent Winner,0,1
0xb1231a4a2dd02f2276fa3c5e2a2f3436e6bfed23,2024-01-02,Greed,0.0,6,0.0,334.69666666666666,2008180000000.0,0.5020439999999999,0,High Frequency,Consistent Winner,0,1
0xb1231a4a2dd02f2276fa3c5e2a2f3436e6bfed23,2024-01-07,Greed,3863.351096,51,0.3333333333333333,5205.286274509804,0.0015048059627257155,391.30283499999996,0,High Frequency,Consistent Winner,1,1
0xb1231a4a2dd02f2276fa3c5e2a2f3436e6bfed23,2024-01-08,Greed,0.0,9,0.0,3896.047777777778,35064430000000.0,40.646786999999996,0,High Frequency,Consistent Winner,0,1
0xb1231a4a2dd02f2276fa3c5e2a2f3436e6bfed23,2024-02-01,Greed,783.979116,17,0.47058823529411764,7138.1611764705885,0.9871598826326977,30.337176,0,High Frequency,Consistent Winner,1,1
0xb1231a4a2dd02f2276fa3c5e2a2f3436e6bfed23,2024-02-02,Greed,456.423473,42,0.30952380952380953,11292.343571428572,0.9896026264452449,91.569636,0,High Frequency,Consistent Winner,1,1
0xb1231a4a2dd02f2276fa3c5e2a2f3436e6bfed23,2024-02-03,Greed,-1443.814567,7,0.0,420.5385714285714,2943770000000.0,0.735937,1,High Frequency,Consistent Winner,0,1
0xb1231a4a2dd02f2276fa3c5e2a2f3436e6bfed23,2024-02-04,Greed,0.0,4,0.0,3749.9725,14999889999999.998,1.4999850000000001,0,High Frequency,Consistent Winner,0,1
0xb1231a4a2dd02f2276fa3c5e2a2f3436e6bfed23,2024-02-07,Greed,2421.253116,18,0.7222222222222222,1852.6372222222224,65.90233724532871,11.458730000000001,0,High Frequency,Consistent Winner,1,1
0xb1231a4a2dd02f2276fa3c5e2a2f3436e6bfed23,2024-02-08,Greed,554.12049,12,0.4166666666666667,5882.177500000001,0.9853474506335801,31.513529000000002,0,High Frequency,Consistent Winner,1,1
0xb1231a4a2dd02f2276fa3c5e2a2f3436e6bfed23,2024-03-01,Greed,866.015507,67,0.417910447761194,5888.050149253731,0.9956214628247697,98.624811,0,High Frequency,Consistent Winner,1,1
0xb1231a4a2dd02f2276fa3c5e2a2f3436e6bfed23,2024-03-02,Greed,223.30918699999998,56,0.10714285714285714,10782.5,0.9928507938201063,109.662349,0,High Frequency,Consistent Winner,1,1
0xb1231a4a2dd02f2276fa3c5e2a2f3436e6bfed23,2024-03-04,Greed,0.0,2,0.0,4999.83,9999660000000.0,0.999965,0,High Frequency,Consistent Winner,0,1
0xb1231a4a2dd02f2276fa3c5e2a2f3436e6bfed23,2024-03-05,Greed,0.0,6,0.0,829.8083333333334,0.0,1.742594,0,High Frequency,Consistent Winner,0,1
0xb1231a4a2dd02f2276fa3c5e2a2f3436e6bfed23,2024-03-07,Greed,0.0,8,0.0,9465.0725,75720580000000.0,26.27066,0,High Frequency,Consistent Winner,0,1
0xb1231a4a2dd02f2276fa3c5e2a2f3436e6bfed23,2024-03-08,Greed,0.0,6,0.0,4168.69,25012139999999.996,15.721086,0,High Frequency,Consistent Winner,0,1
0xb1231a4a2dd02f2276fa3c5e2a2f3436e6bfed23,2024-04-01,Greed,-67.60364,5,0.0,19958.508,1.0013557290683555,24.948132,1,High Frequency,Consistent Winner,0,1
0xb1231a4a2dd02f2276fa3c5e2a2f3436e6bfed23,2024-04-02,Greed,47.62389499999999,35,0.2571428571428571,5805.358,1.0365277476394719,50.52688,0,High Frequency,Consistent Winner,1,1
0xb1231a4a2dd02f2276fa3c5e2a2f3436e6bfed23,2024-04-03,Greed,1026.004099,13,1.0,290.5161538461538,0.0,0.94417,0,High Frequency,Consistent Winner,1,1
0xb1231a4a2dd02f2276fa3c5e2a2f3436e6bfed23,2024-04-05,Greed,0.0,3,0.0,1666.47,0.0,1.749792,0,High Frequency,Consistent Winner,0,1
0xb1231a4a2dd02f2276fa3c5e2a2f3436e6bfed23,2024-04-07,Greed,0.0,11,0.0,15958.708181818183,175545790000000.0,23.766878,0,High Frequency,Consistent Winner,0,1
0xb1231a4a2dd02f2276fa3c5e2a2f3436e6bfed23,2024-04-08,Greed,0.0,27,0.0,5002.563703703704,4502306.183256461,69.208735,0,High Frequency,Consistent Winner,0,1
0xb1231a4a2dd02f2276fa3c5e2a2f3436e6bfed23,2024-04-09,Greed,1065.785132,33,0.15151515151515152,2923.5148484848487,1.0200385347578949,51.318484999999995,0,High Frequency,Consistent Winner,1,1
0xb1231a4a2dd02f2276fa3c5e2a2f3436e6bfed23,2024-04-10,Greed,0.0,1,0.0,0.34,0.0,0.0,0,High Frequency,Consistent Winner,0,1
0xb1231a4a2dd02f2276fa3c5e2a2f3436e6bfed23,2024-04-12,Greed,274999.139393,44,1.0,6249.985227272727,0.0,27.499921,0,High Frequency,Consistent Winner,1,1
0xb1231a4a2dd02f2276fa3c5e2a2f3436e6bfed23,2024-05-01,Greed,164.141565,66,0.19696969696969696,25817.31303030303,0.9998079462531169,425.985639,0,High Frequency,Consistent Winner,1,1
0xb1231a4a2dd02f2276fa3c5e2a2f3436e6bfed23,2024-05-02,Fear,-33.45419400000003,72,0.19444444444444445,10697.198055555556,1.0000875137645882,165.549465,1,High Frequency,Consistent Winner,0,0
0xb1231a4a2dd02f2276fa3c5e2a2f3436e6bfed23,2024-05-04,Greed,965.5522159999999,8,1.0,3245.635,0.0,9.087776999999999,0,High Frequency,Consistent Winner,1,1
0xb1231a4a2dd02f2276fa3c5e2a2f3436e6bfed23,2024-05-07,Greed,0.0,12,0.0,165.92916666666667,1991150000000.0,0.52617,0,High Frequency,Consistent Winner,0,1
0xb1231a4a2dd02f2276fa3c5e2a2f3436e6bfed23,2024-05-08,Greed,-8394.889856,44,0.5909090909090909,3331.070909090909,1.8840911805524987,77.275266,1,High Frequency,Consistent Winner,0,1
0xb1231a4a2dd02f2276fa3c5e2a2f3436e6bfed23,2024-05-12,Greed,49999.876084999996,4,1.0,12499.98,0.0,4.999989,0,High Frequency,Consistent Winner,1,1
0xb1231a4a2dd02f2276fa3c5e2a2f3436e6bfed23,2024-06-01,Greed,135.58166400000002,22,0.45454545454545453,13569.154545454547,0.9990931397448014,74.630342,0,High Frequency,Consistent Winner,1,1
0xb1231a4a2dd02f2276fa3c5e2a2f3436e6bfed23,2024-06-02,Greed,-215.615907,1088,0.1645220588235294,7396.280707720588,1.0026837865167038,988.606997,1,High Frequency,Consistent Winner,0,1
0xb1231a4a2dd02f2276fa3c5e2a2f3436e6bfed23,2024-06-07,Greed,108.87217799999999,24,0.2916666666666667,103.75708333333334,0.5402414735823076,344.35416,0,High Frequency,Consistent Winner,1,1
0xb1231a4a2dd02f2276fa3c5e2a2f3436e6bfed23,2024-06-08,Greed,51.56325,80,0.0625,758.8422499999999,133.92327865907916,61.73168,0,High Frequency,Consistent Winner,1,1
0xb1231a4a2dd02f2276fa3c5e2a2f3436e6bfed23,2024-06-09,Greed,-1104.856765,38,0.0,106.74815789473683,0.0,1.419742,1,High Frequency,Consistent Winner,0,1
0xb1231a4a2dd02f2276fa3c5e2a2f3436e6bfed23,2024-06-12,Greed,74999.848329,25,1.0,2999.9956,0.0,7.499981,0,High Frequency,Consistent Winner,1,1
0xb1231a4a2dd02f2276fa3c5e2a2f3436e6bfed23,2024-07-01,Greed,-835.681235,97,0.09278350515463918,10812.887216494846,1.1150468032597407,262.212464,1,High Frequency,Consistent Winner,0,1
0xb1231a4a2dd02f2276fa3c5e2a2f3436e6bfed23,2024-07-02,Greed,241.24212,15,0.13333333333333333,450.582,0.501950012999975,0.339693,0,High Frequency,Consistent Winner,1,1
0xb1231a4a2dd02f2276fa3c5e2a2f3436e6bfed23,2024-07-05,Fear,227.320653,7,0.2857142857142857,1395.532857142857,0.9550598001855336,3.419052,0,High Frequency,Consistent Winner,1,0
0xb1231a4a2dd02f2276fa3c5e2a2f3436e6bfed23,2024-07-06,Fear,0.0,14,0.0,77.5807142857143,1086130000000.0,0.20394,0,High Frequency,Consistent Winner,0,0
0xb1231a4a2dd02f2276fa3c5e2a2f3436e6bfed23,2024-07-07,Fear,61.428942,10,1.0,49.875,0.0,0.049875,0,High Frequency,Consistent Winner,1,0
0xb1231a4a2dd02f2276fa3c5e2a2f3436e6bfed23,2024-07-08,Fear,188.789255,21,0.47619047619047616,94.89190476190477,0.6681846720516779,3.538542,0,High Frequency,Consistent Winner,1,0
0xb1231a4a2dd02f2276fa3c5e2a2f3436e6bfed23,2024-07-12,Fear,74999.62263,5,0.6,15999.469999999998,0.0,9.249149,0,High Frequency,Consistent Winner,1,0
0xb1231a4a2dd02f2276fa3c5e2a2f3436e6bfed23,2024-08-01,Greed,-269.874439,128,0.25,11894.159609375,0.9315593211376247,380.613064,1,High Frequency,Consistent Winner,0,1
0xb1231a4a2dd02f2276fa3c5e2a2f3436e6bfed23,2024-08-02,Greed,770.756024,10,0.4,2605.112,0.12370827630560774,3.0028870000000003,0,High Frequency,Consistent Winner,1,1
0xb1231a4a2dd02f2276fa3c5e2a2f3436e6bfed23,2024-08-07,Fear,0.0,1,0.0,497.64,497639999999.99994,0.0156,0,High Frequency,Consistent Winner,0,0
0xb1231a4a2dd02f2276fa3c5e2a2f3436e6bfed23,2024-08-08,Fear,0.0,5,0.0,3168.014,15840069999999.998,6.48725,0,High Frequency,Consistent Winner,0,0
0xb1231a4a2dd02f2276fa3c5e2a2f3436e6bfed23,2024-08-10,Fear,0.0,1,0.0,0.58,0.0,0.0,0,High Frequency,Consistent Winner,0,0
0xb1231a4a2dd02f2276fa3c5e2a2f3436e6bfed23,2024-08-12,Fear,0.0,145,0.0,3572.0706206896552,0.0,177.533199,0,High Frequency,Consistent Winner,0,0
0xb1231a4a2dd02f2276fa3c5e2a2f3436e6bfed23,2024-09-01,Fear,-826.349863,70,0.2571428571428571,12429.313857142857,0.9973031360974243,204.012928,1,High Frequency,Consistent Winner,0,0
0xb1231a4a2dd02f2276fa3c5e2a2f3436e6bfed23,2024-09-05,Fear,0.0,3,0.0,1658.5133333333333,0.0,1.741438,0,High Frequency,Consistent Winner,0,0
0xb1231a4a2dd02f2276fa3c5e2a2f3436e6bfed23,2024-09-06,Fear,0.0,12,0.0,117.52166666666666,1410260000000.0,0.16579,0,High Frequency,Consistent Winner,0,0
0xb1231a4a2dd02f2276fa3c5e2a2f3436e6bfed23,2024-09-07,Fear,648.984412,15,1.0,182.42999999999998,0.0,0.39756800000000003,0,High Frequency,Consistent Winner,1,0
0xb1231a4a2dd02f2276fa3c5e2a2f3436e6bfed23,2024-09-08,Fear,6783.078347,60,0.2833333333333333,5447.171666666666,0.03216131880554626,123.61698521,0,High Frequency,Consistent Winner,1,0
0xb1231a4a2dd02f2276fa3c5e2a2f3436e6bfed23,2024-09-09,Fear,0.0,2,0.0,2007.2150000000001,4014430000000.0,34.9079,0,High Frequency,Consistent Winner,0,0
0xb1231a4a2dd02f2276fa3c5e2a2f3436e6bfed23,2024-10-01,Greed,-1517.091342,193,0.21243523316062177,10660.515440414507,1.001475863623803,434.044865,1,High Frequency,Consistent Winner,0,1
0xb1231a4a2dd02f2276fa3c5e2a2f3436e6bfed23,2024-10-07,Greed,382.10788099999996,13,0.38461538461538464,1229.4692307692308,0.0,5.594077,0,High Frequency,Consistent Winner,1,1
0xb1231a4a2dd02f2276fa3c5e2a2f3436e6bfed23,2024-10-08,Greed,0.0,87,0.0,130.32885057471265,11338610000000.0,50.0831879,0,High Frequency,Consistent Winner,0,1
0xb1231a4a2dd02f2276fa3c5e2a2f3436e6bfed23,2024-10-09,Greed,0.0,1,0.0,766.74,766740000000.0,6.66721,0,High Frequency,Consistent Winner,0,1
0xb1231a4a2dd02f2276fa3c5e2a2f3436e6bfed23,2024-11-01,Greed,-164.08950099999998,19,0.2631578947368421,13641.064736842105,1.0012659435924183,64.795045,1,High Frequency,Consistent Winner,0,1
0xb1231a4a2dd02f2276fa3c5e2a2f3436e6bfed23,2024-11-02,Greed,983.443176,34,0.20588235294117646,6244.465294117647,1.0909291816206124,24.955292,0,High Frequency,Consistent Winner,1,1
0xb1231a4a2dd02f2276fa3c5e2a2f3436e6bfed23,2024-11-06,Greed,4269.550668,75,0.10666666666666667,1046.24,78468000000000.0,26.744072,0,High Frequency,Consistent Winner,1,1
0xb1231a4a2dd02f2276fa3c5e2a2f3436e6bfed23,2024-11-08,Greed,0.0,16,0.0,211.8975,3390360000000.0,26.63734,0,High Frequency,Consistent Winner,0,1
0xb1231a4a2dd02f2276fa3c5e2a2f3436e6bfed23,2024-11-12,Greed,274998.942584,156,1.0,1762.8148717948718,0.0,27.499848,0,High Frequency,Consistent Winner,1,1
0xb1231a4a2dd02f2276fa3c5e2a2f3436e6bfed23,2024-12-01,Greed,-1925.519024,7,0.0,28583.181428571428,1.0400190133161418,49.480726999999995,1,High Frequency,Consistent Winner,0,1
0xb1231a4a2dd02f2276fa3c5e2a2f3436e6bfed23,2024-12-02,Greed,913.8817869999998,16,0.375,14202.981249999999,0.9895331549316059,27.111911,0,High Frequency,Consistent Winner,1,1
0xb1231a4a2dd02f2276fa3c5e2a2f3436e6bfed23,2024-12-04,Greed,-2830.444513,15,0.0,2021.84,30327599999999.996,10.614658,1,High Frequency,Consistent Winner,0,1
0xb1231a4a2dd02f2276fa3c5e2a2f3436e6bfed23,2024-12-05,Greed,0.0,13,0.0,782.6861538461538,1.0436983296775362,3.561207,0,High Frequency,Consistent Winner,0,1
0xb1231a4a2dd02f2276fa3c5e2a2f3436e6bfed23,2024-12-06,Greed,0.0,37,0.0,41.1072972972973,1520970000000.0,0.22859,0,High Frequency,Consistent Winner,0,1
0xb1231a4a2dd02f2276fa3c5e2a2f3436e6bfed23,2024-12-07,Greed,1412.314654,9,1.0,1508.48,13576319999999.998,4.751705,0,High Frequency,Consistent Winner,1,1
0xb1231a4a2dd02f2276fa3c5e2a2f3436e6bfed23,2024-12-08,Greed,0.0,31,0.0,323.4293548387097,0.3369732480270937,20.622761,0,High Frequency,Consistent Winner,0,1
0xb1231a4a2dd02f2276fa3c5e2a2f3436e6bfed23,2024-12-12,Greed,449328.107544,314,1.0,1430.9824522292993,0.0,82.264982,0,High Frequency,Consistent Winner,1,1
0xb1231a4a2dd02f2276fa3c5e2a2f3436e6bfed23,2025-01-02,Greed,15452.344326,11,0.2727272727272727,1400.39,15404290000000.0,13.485088,0,High Frequency,Consistent Winner,1,1
0xb1231a4a2dd02f2276fa3c5e2a2f3436e6bfed23,2025-01-05,Greed,102460.17164,73,0.7808219178082192,3462.1106849315065,1.7562113540377005,65.532843,0,High Frequency,Consistent Winner,1,1
0xb1231a4a2dd02f2276fa3c5e2a2f3436e6bfed23,2025-02-01,Greed,0.0,6,0.0,1666.6133333333335,9999680000000.0,3.28644,0,High Frequency,Consistent Winner,0,1
0xb1231a4a2dd02f2276fa3c5e2a2f3436e6bfed23,2025-02-02,Greed,69051.70619,88,0.8068181818181818,6537.665,575314520000000.0,107.46372169,0,High Frequency,Consistent Winner,1,1
0xb1231a4a2dd02f2276fa3c5e2a2f3436e6bfed23,2025-03-01,Fear,0.0,18,0.0,557.795,10040309999999.998,12.95507,0,High Frequency,Consistent Winner,0,0
0xb1231a4a2dd02f2276fa3c5e2a2f3436e6bfed23,2025-03-02,Fear,46742.288748,258,0.3449612403100775,1333.0556976744185,0.9676103361332561,153.00027305,0,High Frequency,Consistent Winner,1,0
0xb1231a4a2dd02f2276fa3c5e2a2f3436e6bfed23,2025-03-04,Fear,0.0,9,0.0,5555.549999999999,49999949999999.99,4.999993,0,High Frequency,Consistent Winner,0,0
0xb1231a4a2dd02f2276fa3c5e2a2f3436e6bfed23,2025-04-01,Fear,1659.7995640000001,19,0.6842105263157895,1695.0778947368422,0.45073319357443464,20.675533,0,High Frequency,Consistent Winner,1,0
0xb1231a4a2dd02f2276fa3c5e2a2f3436e6bfed23,2025-04-02,Fear,16102.444634,661,0.3600605143721634,2456.432904689864,0.6390708651859985,482.879833,0,High Frequency,Consistent Winner,1,0
0xb1231a4a2dd02f2276fa3c5e2a2f3436e6bfed23,2025-04-03,Fear,0.0,77,0.0,1769.9948051948052,136289600000000.0,89.575457,0,High Frequency,Consistent Winner,0,0
0xb1231a4a2dd02f2276fa3c5e2a2f3436e6bfed23,2025-04-04,Fear,2242.086667,99,0.6565656565656566,1138.8816161616162,0.4201363138038834,39.462212,0,High Frequency,Consistent Winner,1,0
0xb1231a4a2dd02f2276fa3c5e2a2f3436e6bfed23,2025-05-01,Greed,956.5545050000001,33,0.9696969696969697,332.21393939393937,0.0,3.8369910000000003,0,High Frequency,Consistent Winner,1,1
0xb1231a4a2dd02f2276fa3c5e2a2f3436e6bfed23,2025-05-02,Greed,14644.100674,218,0.42201834862385323,2359.758899082569,0.5437086768994712,121.71671,0,High Frequency,Consistent Winner,1,1
0xb899e522b5715391ae1d4f137653e7906c5e2115,2025-02-03,Fear,34795.678173,155,0.4838709677419355,24787.07348387097,0.9820499619135995,1161.706196,0,High Frequency,Consistent Winner,1,0
0xb899e522b5715391ae1d4f137653e7906c5e2115,2025-03-03,Fear,535.4072209999999,31,0.45161290322580644,16874.44419354839,0.997955515728592,173.363097,0,High Frequency,Consistent Winner,1,0
0xb899e522b5715391ae1d4f137653e7906c5e2115,2025-03-04,Fear,361.071464,24,0.2916666666666667,28371.712916666667,0.9989400280512225,204.276324,0,High Frequency,Consistent Winner,1,0
0xb899e522b5715391ae1d4f137653e7906c5e2115,2025-04-03,Fear,4578.655427,124,0.5080645161290323,17691.147903225807,0.9958343813871205,737.083879,0,High Frequency,Consistent Winner,1,0
0xb899e522b5715391ae1d4f137653e7906c5e2115,2025-04-04,Fear,0.0,6,0.0,16948.606666666667,101691640000000.0,30.507488,0,High Frequency,Consistent Winner,0,0
0xbaaaf6571ab7d571043ff1e313a9609a10637864,2025-01-05,Greed,1.86032,1,1.0,3.9,0.0,0.001364,0,High Frequency,Consistent Winner,1,1
0xbaaaf6571ab7d571043ff1e313a9609a10637864,2025-02-04,Greed,188114.980392,743,1.0,3804.6953432032305,0.0,918.700872,0,High Frequency,Consistent Winner,1,1
0xbaaaf6571ab7d571043ff1e313a9609a10637864,2025-03-04,Fear,3869.208803,937,0.5080042689434365,4677.174855923159,1.0010647048506465,643.514507,0,High Frequency,Consistent Winner,1,0
0xbaaaf6571ab7d571043ff1e313a9609a10637864,2025-04-03,Fear,0.0,563,0.0,6625.281438721137,3730033450000000.0,298.127396,0,High Frequency,Consistent Winner,0,0
0xbaaaf6571ab7d571043ff1e313a9609a10637864,2025-04-04,Fear,9367.872074,318,0.6792452830188679,2198.7353773584905,0.4117155467611105,129.8195,0,High Frequency,Consistent Winner,1,0
0xbd5fead7180a9c139fa51a103cb6a2ce86ddb5c3,2024-10-12,Greed,0.0,52,0.0,2798.660769230769,0.0,18.167481,0,High Frequency,Others,0,1
0xbd5fead7180a9c139fa51a103cb6a2ce86ddb5c3,2024-11-12,Greed,0.0,17,0.0,637.4164705882353,0.0,1.086556,0,High Frequency,Others,0,1
0xbd5fead7180a9c139fa51a103cb6a2ce86ddb5c3,2024-12-12,Greed,0.0,1,0.0,5158.5,0.0,0.51585,0,High Frequency,Others,0,1
0xbd5fead7180a9c139fa51a103cb6a2ce86ddb5c3,2025-01-04,Greed,-9311.892185,28,0.0,5608.603928571429,0.9941700324863324,35.276799,1,High Frequency,Others,0,1
0xbd5fead7180a9c139fa51a103cb6a2ce86ddb5c3,2025-01-05,Greed,-113601.02013799999,116,0.008620689655172414,16681.46775862069,1.1012665367281522,677.267526,1,High Frequency,Others,0,1
0xbd5fead7180a9c139fa51a103cb6a2ce86ddb5c3,2025-02-03,Fear,-2632.65866,84,0.0,12216.244880952381,1026164569999999.9,359.157571,1,High Frequency,Others,0,0
0xbd5fead7180a9c139fa51a103cb6a2ce86ddb5c3,2025-02-04,Greed,2676.6850000000004,66,0.9393939393939394,2821.9739393939394,0.0,18.62502,0,High Frequency,Others,1,1
0xbd5fead7180a9c139fa51a103cb6a2ce86ddb5c3,2025-03-01,Fear,0.0,61,0.0,1834.7278688524589,0.0,11.191839,0,High Frequency,Others,0,0
0xbd5fead7180a9c139fa51a103cb6a2ce86ddb5c3,2025-03-02,Fear,160022.95082600001,69,1.0,3243.988695652174,223835220000000.0,37.896369,0,High Frequency,Others,1,0
0xbd5fead7180a9c139fa51a103cb6a2ce86ddb5c3,2025-03-03,Fear,57561.35367,136,0.8235294117647058,8611.731764705883,0.4388014718238604,310.633142,0,High Frequency,Others,1,0
0xbd5fead7180a9c139fa51a103cb6a2ce86ddb5c3,2025-03-04,Fear,-5862.0887760000005,12,0.0,7051.005833333334,84612070000000.0,29.614225,1,High Frequency,Others,0,0
0xbd5fead7180a9c139fa51a103cb6a2ce86ddb5c3,2025-04-02,Fear,0.0,18,0.0,3777.777777777778,0.0,6.8,0,High Frequency,Others,0,0
0xbd5fead7180a9c139fa51a103cb6a2ce86ddb5c3,2025-04-03,Fear,0.0,2,0.0,86000.0,172000000000000.0,8.6,0,High Frequency,Others,0,0
0xbd5fead7180a9c139fa51a103cb6a2ce86ddb5c3,2025-04-04,Fear,-43753.361578,132,0.18181818181818182,5448.201969696969,0.12880716338790682,148.694024,1,High Frequency,Others,0,0
0xbee1707d6b44d4d52bfe19e41f8a828645437aab,2024-08-12,Fear,15206.395076,92,0.9130434782608695,3401.4840217391306,0.7353796222449102,26.747257,0,High Frequency,Consistent Winner,1,0
0xbee1707d6b44d4d52bfe19e41f8a828645437aab,2024-09-12,Fear,2397.068675,143,0.06293706293706294,3120.5087412587413,3.9407742960411167,50.14075456,0,High Frequency,Consistent Winner,1,0
0xbee1707d6b44d4d52bfe19e41f8a828645437aab,2024-10-12,Greed,26600.990442,928,0.5765086206896551,1859.9979202586208,0.9996653434524169,116.25613018,0,High Frequency,Consistent Winner,1,1
0xbee1707d6b44d4d52bfe19e41f8a828645437aab,2024-11-12,Greed,24663.690943,530,0.9792452830188679,1207.490075471698,0.08348290195836083,28.83121716,0,High Frequency,Consistent Winner,1,1
0xbee1707d6b44d4d52bfe19e41f8a828645437aab,2024-12-12,Greed,130826.491662,1041,0.8146013448607109,2596.416272814601,0.7203815788394976,294.08469282,0,High Frequency,Consistent Winner,1,1
0xbee1707d6b44d4d52bfe19e41f8a828645437aab,2025-01-02,Greed,2954.521713,187,0.7112299465240641,1204.9785026737968,1.380621636104222,40.48101958,0,High Frequency,Consistent Winner,1,1
0xbee1707d6b44d4d52bfe19e41f8a828645437aab,2025-01-03,Greed,446.358633,51,0.3137254901960784,1384.9447058823528,2.053827066976664,14.13199339,0,High Frequency,Consistent Winner,1,1
0xbee1707d6b44d4d52bfe19e41f8a828645437aab,2025-01-04,Greed,147.445788,35,0.7714285714285715,1226.783142857143,0.7518187333512817,7.901415,0,High Frequency,Consistent Winner,1,1
0xbee1707d6b44d4d52bfe19e41f8a828645437aab,2025-01-05,Greed,1364.022527,131,0.3282442748091603,2448.466488549618,0.9638572725188717,59.900085,0,High Frequency,Consistent Winner,1,1
0xbee1707d6b44d4d52bfe19e41f8a828645437aab,2025-02-02,Greed,-329.680689,131,0.2900763358778626,1839.5793129770993,1.6522575483745248,46.27443222,1,High Frequency,Consistent Winner,0,1
0xbee1707d6b44d4d52bfe19e41f8a828645437aab,2025-02-03,Fear,2576.6453030000002,102,0.5392156862745098,1921.2604901960785,0.5825672129606507,22.79932942,0,High Frequency,Consistent Winner,1,0
0xbee1707d6b44d4d52bfe19e41f8a828645437aab,2025-02-04,Greed,1842.839943,118,0.6440677966101694,991.0424576271186,1.0725396801203817,26.7983,0,High Frequency,Consistent Winner,1,1
0xbee1707d6b44d4d52bfe19e41f8a828645437aab,2025-03-02,Fear,5803.573999,325,0.4246153846153846,1758.0771384615382,0.6897924688158449,119.81672947999999,0,High Frequency,Consistent Winner,1,0
0xbee1707d6b44d4d52bfe19e41f8a828645437aab,2025-03-03,Fear,2448.046511,73,0.6575342465753424,1970.5965753424655,2.43399410327217,21.1804367,0,High Frequency,Consistent Winner,1,0
0xbee1707d6b44d4d52bfe19e41f8a828645437aab,2025-03-04,Fear,-3368.876326,261,0.0,1706.5415708812259,3.2139782941124464,78.09696617,1,High Frequency,Consistent Winner,0,0
0xbee1707d6b44d4d52bfe19e41f8a828645437aab,2025-04-02,Fear,806.765131,248,0.2862903225806452,1351.8856048387097,0.9820090337024259,92.61476121,0,High Frequency,Consistent Winner,1,0
0xbee1707d6b44d4d52bfe19e41f8a828645437aab,2025-04-03,Fear,-4934.6700519999995,979,0.38508682328907046,1496.3304392236976,1.0837505246333197,345.84151396,1,High Frequency,Consistent Winner,0,0
0xbee1707d6b44d4d52bfe19e41f8a828645437aab,2025-04-04,Fear,-4513.160132,326,0.15950920245398773,1419.9448159509202,0.6059722131585257,110.944353,1,High Frequency,Consistent Winner,0,0
0xbee1707d6b44d4d52bfe19e41f8a828645437aab,2025-05-02,Greed,713.82809,14,0.7857142857142857,3668.815,1.1536084172992898,12.014707999999999,0,High Frequency,Consistent Winner,1,1
